"Group_Number","Group_Index","URL_RawData","URL_WellMask","PathName_RawData","PathName_WellMask","FileName_RawData","FileName_WellMask","Series_RawData","Series_WellMask","Frame_RawData","Frame_WellMask","Channel_RawData","Channel_WellMask","Metadata_Date","Metadata_FileLocation","Metadata_Frame","Metadata_Plate","Metadata_Researcher","Metadata_Series","Metadata_Well"
1,1,"file:/Users/njwheeler/Desktop/CellProfiler_Pipelines/projects/20210521-p01-KJG_641/raw_images/20210521-p01-KJG_A01.TIF","file:/Users/njwheeler/Desktop/CellProfiler_Pipelines/masks/well_mask.png","/Users/njwheeler/Desktop/CellProfiler_Pipelines/projects/20210521-p01-KJG_641/raw_images","/Users/njwheeler/Desktop/CellProfiler_Pipelines/masks","20210521-p01-KJG_A01.TIF","well_mask.png",0,0,0,0,-1,-1,"20210521","file:/Users/njwheeler/Desktop/CellProfiler_Pipelines/projects/20210521-p01-KJG_641/raw_images/20210521-p01-KJG_A01.TIF","0","p01","KJG","0","A01"
1,2,"file:/Users/njwheeler/Desktop/CellProfiler_Pipelines/projects/20210521-p01-KJG_641/raw_images/20210521-p01-KJG_A02.TIF","file:/Users/njwheeler/Desktop/CellProfiler_Pipelines/masks/well_mask.png","/Users/njwheeler/Desktop/CellProfiler_Pipelines/projects/20210521-p01-KJG_641/raw_images","/Users/njwheeler/Desktop/CellProfiler_Pipelines/masks","20210521-p01-KJG_A02.TIF","well_mask.png",0,0,0,0,-1,-1,"20210521","file:/Users/njwheeler/Desktop/CellProfiler_Pipelines/projects/20210521-p01-KJG_641/raw_images/20210521-p01-KJG_A02.TIF","0","p01","KJG","0","A02"
1,3,"file:/Users/njwheeler/Desktop/CellProfiler_Pipelines/projects/20210521-p01-KJG_641/raw_images/20210521-p01-KJG_A03.TIF","file:/Users/njwheeler/Desktop/CellProfiler_Pipelines/masks/well_mask.png","/Users/njwheeler/Desktop/CellProfiler_Pipelines/projects/20210521-p01-KJG_641/raw_images","/Users/njwheeler/Desktop/CellProfiler_Pipelines/masks","20210521-p01-KJG_A03.TIF","well_mask.png",0,0,0,0,-1,-1,"20210521","file:/Users/njwheeler/Desktop/CellProfiler_Pipelines/projects/20210521-p01-KJG_641/raw_images/20210521-p01-KJG_A03.TIF","0","p01","KJG","0","A03"
1,4,"file:/Users/njwheeler/Desktop/CellProfiler_Pipelines/projects/20210521-p01-KJG_641/raw_images/20210521-p01-KJG_A04.TIF","file:/Users/njwheeler/Desktop/CellProfiler_Pipelines/masks/well_mask.png","/Users/njwheeler/Desktop/CellProfiler_Pipelines/projects/20210521-p01-KJG_641/raw_images","/Users/njwheeler/Desktop/CellProfiler_Pipelines/masks","20210521-p01-KJG_A04.TIF","well_mask.png",0,0,0,0,-1,-1,"20210521","file:/Users/njwheeler/Desktop/CellProfiler_Pipelines/projects/20210521-p01-KJG_641/raw_images/20210521-p01-KJG_A04.TIF","0","p01","KJG","0","A04"
1,5,"file:/Users/njwheeler/Desktop/CellProfiler_Pipelines/projects/20210521-p01-KJG_641/raw_images/20210521-p01-KJG_A05.TIF","file:/Users/njwheeler/Desktop/CellProfiler_Pipelines/masks/well_mask.png","/Users/njwheeler/Desktop/CellProfiler_Pipelines/projects/20210521-p01-KJG_641/raw_images","/Users/njwheeler/Desktop/CellProfiler_Pipelines/masks","20210521-p01-KJG_A05.TIF","well_mask.png",0,0,0,0,-1,-1,"20210521","file:/Users/njwheeler/Desktop/CellProfiler_Pipelines/projects/20210521-p01-KJG_641/raw_images/20210521-p01-KJG_A05.TIF","0","p01","KJG","0","A05"
1,6,"file:/Users/njwheeler/Desktop/CellProfiler_Pipelines/projects/20210521-p01-KJG_641/raw_images/20210521-p01-KJG_A06.TIF","file:/Users/njwheeler/Desktop/CellProfiler_Pipelines/masks/well_mask.png","/Users/njwheeler/Desktop/CellProfiler_Pipelines/projects/20210521-p01-KJG_641/raw_images","/Users/njwheeler/Desktop/CellProfiler_Pipelines/masks","20210521-p01-KJG_A06.TIF","well_mask.png",0,0,0,0,-1,-1,"20210521","file:/Users/njwheeler/Desktop/CellProfiler_Pipelines/projects/20210521-p01-KJG_641/raw_images/20210521-p01-KJG_A06.TIF","0","p01","KJG","0","A06"
1,7,"file:/Users/njwheeler/Desktop/CellProfiler_Pipelines/projects/20210521-p01-KJG_641/raw_images/20210521-p01-KJG_A07.TIF","file:/Users/njwheeler/Desktop/CellProfiler_Pipelines/masks/well_mask.png","/Users/njwheeler/Desktop/CellProfiler_Pipelines/projects/20210521-p01-KJG_641/raw_images","/Users/njwheeler/Desktop/CellProfiler_Pipelines/masks","20210521-p01-KJG_A07.TIF","well_mask.png",0,0,0,0,-1,-1,"20210521","file:/Users/njwheeler/Desktop/CellProfiler_Pipelines/projects/20210521-p01-KJG_641/raw_images/20210521-p01-KJG_A07.TIF","0","p01","KJG","0","A07"
1,8,"file:/Users/njwheeler/Desktop/CellProfiler_Pipelines/projects/20210521-p01-KJG_641/raw_images/20210521-p01-KJG_A08.TIF","file:/Users/njwheeler/Desktop/CellProfiler_Pipelines/masks/well_mask.png","/Users/njwheeler/Desktop/CellProfiler_Pipelines/projects/20210521-p01-KJG_641/raw_images","/Users/njwheeler/Desktop/CellProfiler_Pipelines/masks","20210521-p01-KJG_A08.TIF","well_mask.png",0,0,0,0,-1,-1,"20210521","file:/Users/njwheeler/Desktop/CellProfiler_Pipelines/projects/20210521-p01-KJG_641/raw_images/20210521-p01-KJG_A08.TIF","0","p01","KJG","0","A08"
1,9,"file:/Users/njwheeler/Desktop/CellProfiler_Pipelines/projects/20210521-p01-KJG_641/raw_images/20210521-p01-KJG_A09.TIF","file:/Users/njwheeler/Desktop/CellProfiler_Pipelines/masks/well_mask.png","/Users/njwheeler/Desktop/CellProfiler_Pipelines/projects/20210521-p01-KJG_641/raw_images","/Users/njwheeler/Desktop/CellProfiler_Pipelines/masks","20210521-p01-KJG_A09.TIF","well_mask.png",0,0,0,0,-1,-1,"20210521","file:/Users/njwheeler/Desktop/CellProfiler_Pipelines/projects/20210521-p01-KJG_641/raw_images/20210521-p01-KJG_A09.TIF","0","p01","KJG","0","A09"
1,10,"file:/Users/njwheeler/Desktop/CellProfiler_Pipelines/projects/20210521-p01-KJG_641/raw_images/20210521-p01-KJG_A10.TIF","file:/Users/njwheeler/Desktop/CellProfiler_Pipelines/masks/well_mask.png","/Users/njwheeler/Desktop/CellProfiler_Pipelines/projects/20210521-p01-KJG_641/raw_images","/Users/njwheeler/Desktop/CellProfiler_Pipelines/masks","20210521-p01-KJG_A10.TIF","well_mask.png",0,0,0,0,-1,-1,"20210521","file:/Users/njwheeler/Desktop/CellProfiler_Pipelines/projects/20210521-p01-KJG_641/raw_images/20210521-p01-KJG_A10.TIF","0","p01","KJG","0","A10"
1,11,"file:/Users/njwheeler/Desktop/CellProfiler_Pipelines/projects/20210521-p01-KJG_641/raw_images/20210521-p01-KJG_A11.TIF","file:/Users/njwheeler/Desktop/CellProfiler_Pipelines/masks/well_mask.png","/Users/njwheeler/Desktop/CellProfiler_Pipelines/projects/20210521-p01-KJG_641/raw_images","/Users/njwheeler/Desktop/CellProfiler_Pipelines/masks","20210521-p01-KJG_A11.TIF","well_mask.png",0,0,0,0,-1,-1,"20210521","file:/Users/njwheeler/Desktop/CellProfiler_Pipelines/projects/20210521-p01-KJG_641/raw_images/20210521-p01-KJG_A11.TIF","0","p01","KJG","0","A11"
1,12,"file:/Users/njwheeler/Desktop/CellProfiler_Pipelines/projects/20210521-p01-KJG_641/raw_images/20210521-p01-KJG_A12.TIF","file:/Users/njwheeler/Desktop/CellProfiler_Pipelines/masks/well_mask.png","/Users/njwheeler/Desktop/CellProfiler_Pipelines/projects/20210521-p01-KJG_641/raw_images","/Users/njwheeler/Desktop/CellProfiler_Pipelines/masks","20210521-p01-KJG_A12.TIF","well_mask.png",0,0,0,0,-1,-1,"20210521","file:/Users/njwheeler/Desktop/CellProfiler_Pipelines/projects/20210521-p01-KJG_641/raw_images/20210521-p01-KJG_A12.TIF","0","p01","KJG","0","A12"
1,13,"file:/Users/njwheeler/Desktop/CellProfiler_Pipelines/projects/20210521-p01-KJG_641/raw_images/20210521-p01-KJG_B01.TIF","file:/Users/njwheeler/Desktop/CellProfiler_Pipelines/masks/well_mask.png","/Users/njwheeler/Desktop/CellProfiler_Pipelines/projects/20210521-p01-KJG_641/raw_images","/Users/njwheeler/Desktop/CellProfiler_Pipelines/masks","20210521-p01-KJG_B01.TIF","well_mask.png",0,0,0,0,-1,-1,"20210521","file:/Users/njwheeler/Desktop/CellProfiler_Pipelines/projects/20210521-p01-KJG_641/raw_images/20210521-p01-KJG_B01.TIF","0","p01","KJG","0","B01"
1,14,"file:/Users/njwheeler/Desktop/CellProfiler_Pipelines/projects/20210521-p01-KJG_641/raw_images/20210521-p01-KJG_B02.TIF","file:/Users/njwheeler/Desktop/CellProfiler_Pipelines/masks/well_mask.png","/Users/njwheeler/Desktop/CellProfiler_Pipelines/projects/20210521-p01-KJG_641/raw_images","/Users/njwheeler/Desktop/CellProfiler_Pipelines/masks","20210521-p01-KJG_B02.TIF","well_mask.png",0,0,0,0,-1,-1,"20210521","file:/Users/njwheeler/Desktop/CellProfiler_Pipelines/projects/20210521-p01-KJG_641/raw_images/20210521-p01-KJG_B02.TIF","0","p01","KJG","0","B02"
1,15,"file:/Users/njwheeler/Desktop/CellProfiler_Pipelines/projects/20210521-p01-KJG_641/raw_images/20210521-p01-KJG_B03.TIF","file:/Users/njwheeler/Desktop/CellProfiler_Pipelines/masks/well_mask.png","/Users/njwheeler/Desktop/CellProfiler_Pipelines/projects/20210521-p01-KJG_641/raw_images","/Users/njwheeler/Desktop/CellProfiler_Pipelines/masks","20210521-p01-KJG_B03.TIF","well_mask.png",0,0,0,0,-1,-1,"20210521","file:/Users/njwheeler/Desktop/CellProfiler_Pipelines/projects/20210521-p01-KJG_641/raw_images/20210521-p01-KJG_B03.TIF","0","p01","KJG","0","B03"
1,16,"file:/Users/njwheeler/Desktop/CellProfiler_Pipelines/projects/20210521-p01-KJG_641/raw_images/20210521-p01-KJG_B04.TIF","file:/Users/njwheeler/Desktop/CellProfiler_Pipelines/masks/well_mask.png","/Users/njwheeler/Desktop/CellProfiler_Pipelines/projects/20210521-p01-KJG_641/raw_images","/Users/njwheeler/Desktop/CellProfiler_Pipelines/masks","20210521-p01-KJG_B04.TIF","well_mask.png",0,0,0,0,-1,-1,"20210521","file:/Users/njwheeler/Desktop/CellProfiler_Pipelines/projects/20210521-p01-KJG_641/raw_images/20210521-p01-KJG_B04.TIF","0","p01","KJG","0","B04"
1,17,"file:/Users/njwheeler/Desktop/CellProfiler_Pipelines/projects/20210521-p01-KJG_641/raw_images/20210521-p01-KJG_B05.TIF","file:/Users/njwheeler/Desktop/CellProfiler_Pipelines/masks/well_mask.png","/Users/njwheeler/Desktop/CellProfiler_Pipelines/projects/20210521-p01-KJG_641/raw_images","/Users/njwheeler/Desktop/CellProfiler_Pipelines/masks","20210521-p01-KJG_B05.TIF","well_mask.png",0,0,0,0,-1,-1,"20210521","file:/Users/njwheeler/Desktop/CellProfiler_Pipelines/projects/20210521-p01-KJG_641/raw_images/20210521-p01-KJG_B05.TIF","0","p01","KJG","0","B05"
1,18,"file:/Users/njwheeler/Desktop/CellProfiler_Pipelines/projects/20210521-p01-KJG_641/raw_images/20210521-p01-KJG_B06.TIF","file:/Users/njwheeler/Desktop/CellProfiler_Pipelines/masks/well_mask.png","/Users/njwheeler/Desktop/CellProfiler_Pipelines/projects/20210521-p01-KJG_641/raw_images","/Users/njwheeler/Desktop/CellProfiler_Pipelines/masks","20210521-p01-KJG_B06.TIF","well_mask.png",0,0,0,0,-1,-1,"20210521","file:/Users/njwheeler/Desktop/CellProfiler_Pipelines/projects/20210521-p01-KJG_641/raw_images/20210521-p01-KJG_B06.TIF","0","p01","KJG","0","B06"
1,19,"file:/Users/njwheeler/Desktop/CellProfiler_Pipelines/projects/20210521-p01-KJG_641/raw_images/20210521-p01-KJG_B07.TIF","file:/Users/njwheeler/Desktop/CellProfiler_Pipelines/masks/well_mask.png","/Users/njwheeler/Desktop/CellProfiler_Pipelines/projects/20210521-p01-KJG_641/raw_images","/Users/njwheeler/Desktop/CellProfiler_Pipelines/masks","20210521-p01-KJG_B07.TIF","well_mask.png",0,0,0,0,-1,-1,"20210521","file:/Users/njwheeler/Desktop/CellProfiler_Pipelines/projects/20210521-p01-KJG_641/raw_images/20210521-p01-KJG_B07.TIF","0","p01","KJG","0","B07"
1,20,"file:/Users/njwheeler/Desktop/CellProfiler_Pipelines/projects/20210521-p01-KJG_641/raw_images/20210521-p01-KJG_B08.TIF","file:/Users/njwheeler/Desktop/CellProfiler_Pipelines/masks/well_mask.png","/Users/njwheeler/Desktop/CellProfiler_Pipelines/projects/20210521-p01-KJG_641/raw_images","/Users/njwheeler/Desktop/CellProfiler_Pipelines/masks","20210521-p01-KJG_B08.TIF","well_mask.png",0,0,0,0,-1,-1,"20210521","file:/Users/njwheeler/Desktop/CellProfiler_Pipelines/projects/20210521-p01-KJG_641/raw_images/20210521-p01-KJG_B08.TIF","0","p01","KJG","0","B08"
1,21,"file:/Users/njwheeler/Desktop/CellProfiler_Pipelines/projects/20210521-p01-KJG_641/raw_images/20210521-p01-KJG_B09.TIF","file:/Users/njwheeler/Desktop/CellProfiler_Pipelines/masks/well_mask.png","/Users/njwheeler/Desktop/CellProfiler_Pipelines/projects/20210521-p01-KJG_641/raw_images","/Users/njwheeler/Desktop/CellProfiler_Pipelines/masks","20210521-p01-KJG_B09.TIF","well_mask.png",0,0,0,0,-1,-1,"20210521","file:/Users/njwheeler/Desktop/CellProfiler_Pipelines/projects/20210521-p01-KJG_641/raw_images/20210521-p01-KJG_B09.TIF","0","p01","KJG","0","B09"
1,22,"file:/Users/njwheeler/Desktop/CellProfiler_Pipelines/projects/20210521-p01-KJG_641/raw_images/20210521-p01-KJG_B10.TIF","file:/Users/njwheeler/Desktop/CellProfiler_Pipelines/masks/well_mask.png","/Users/njwheeler/Desktop/CellProfiler_Pipelines/projects/20210521-p01-KJG_641/raw_images","/Users/njwheeler/Desktop/CellProfiler_Pipelines/masks","20210521-p01-KJG_B10.TIF","well_mask.png",0,0,0,0,-1,-1,"20210521","file:/Users/njwheeler/Desktop/CellProfiler_Pipelines/projects/20210521-p01-KJG_641/raw_images/20210521-p01-KJG_B10.TIF","0","p01","KJG","0","B10"
1,23,"file:/Users/njwheeler/Desktop/CellProfiler_Pipelines/projects/20210521-p01-KJG_641/raw_images/20210521-p01-KJG_B11.TIF","file:/Users/njwheeler/Desktop/CellProfiler_Pipelines/masks/well_mask.png","/Users/njwheeler/Desktop/CellProfiler_Pipelines/projects/20210521-p01-KJG_641/raw_images","/Users/njwheeler/Desktop/CellProfiler_Pipelines/masks","20210521-p01-KJG_B11.TIF","well_mask.png",0,0,0,0,-1,-1,"20210521","file:/Users/njwheeler/Desktop/CellProfiler_Pipelines/projects/20210521-p01-KJG_641/raw_images/20210521-p01-KJG_B11.TIF","0","p01","KJG","0","B11"
1,24,"file:/Users/njwheeler/Desktop/CellProfiler_Pipelines/projects/20210521-p01-KJG_641/raw_images/20210521-p01-KJG_B12.TIF","file:/Users/njwheeler/Desktop/CellProfiler_Pipelines/masks/well_mask.png","/Users/njwheeler/Desktop/CellProfiler_Pipelines/projects/20210521-p01-KJG_641/raw_images","/Users/njwheeler/Desktop/CellProfiler_Pipelines/masks","20210521-p01-KJG_B12.TIF","well_mask.png",0,0,0,0,-1,-1,"20210521","file:/Users/njwheeler/Desktop/CellProfiler_Pipelines/projects/20210521-p01-KJG_641/raw_images/20210521-p01-KJG_B12.TIF","0","p01","KJG","0","B12"
1,25,"file:/Users/njwheeler/Desktop/CellProfiler_Pipelines/projects/20210521-p01-KJG_641/raw_images/20210521-p01-KJG_C01.TIF","file:/Users/njwheeler/Desktop/CellProfiler_Pipelines/masks/well_mask.png","/Users/njwheeler/Desktop/CellProfiler_Pipelines/projects/20210521-p01-KJG_641/raw_images","/Users/njwheeler/Desktop/CellProfiler_Pipelines/masks","20210521-p01-KJG_C01.TIF","well_mask.png",0,0,0,0,-1,-1,"20210521","file:/Users/njwheeler/Desktop/CellProfiler_Pipelines/projects/20210521-p01-KJG_641/raw_images/20210521-p01-KJG_C01.TIF","0","p01","KJG","0","C01"
1,26,"file:/Users/njwheeler/Desktop/CellProfiler_Pipelines/projects/20210521-p01-KJG_641/raw_images/20210521-p01-KJG_C02.TIF","file:/Users/njwheeler/Desktop/CellProfiler_Pipelines/masks/well_mask.png","/Users/njwheeler/Desktop/CellProfiler_Pipelines/projects/20210521-p01-KJG_641/raw_images","/Users/njwheeler/Desktop/CellProfiler_Pipelines/masks","20210521-p01-KJG_C02.TIF","well_mask.png",0,0,0,0,-1,-1,"20210521","file:/Users/njwheeler/Desktop/CellProfiler_Pipelines/projects/20210521-p01-KJG_641/raw_images/20210521-p01-KJG_C02.TIF","0","p01","KJG","0","C02"
1,27,"file:/Users/njwheeler/Desktop/CellProfiler_Pipelines/projects/20210521-p01-KJG_641/raw_images/20210521-p01-KJG_C03.TIF","file:/Users/njwheeler/Desktop/CellProfiler_Pipelines/masks/well_mask.png","/Users/njwheeler/Desktop/CellProfiler_Pipelines/projects/20210521-p01-KJG_641/raw_images","/Users/njwheeler/Desktop/CellProfiler_Pipelines/masks","20210521-p01-KJG_C03.TIF","well_mask.png",0,0,0,0,-1,-1,"20210521","file:/Users/njwheeler/Desktop/CellProfiler_Pipelines/projects/20210521-p01-KJG_641/raw_images/20210521-p01-KJG_C03.TIF","0","p01","KJG","0","C03"
1,28,"file:/Users/njwheeler/Desktop/CellProfiler_Pipelines/projects/20210521-p01-KJG_641/raw_images/20210521-p01-KJG_C04.TIF","file:/Users/njwheeler/Desktop/CellProfiler_Pipelines/masks/well_mask.png","/Users/njwheeler/Desktop/CellProfiler_Pipelines/projects/20210521-p01-KJG_641/raw_images","/Users/njwheeler/Desktop/CellProfiler_Pipelines/masks","20210521-p01-KJG_C04.TIF","well_mask.png",0,0,0,0,-1,-1,"20210521","file:/Users/njwheeler/Desktop/CellProfiler_Pipelines/projects/20210521-p01-KJG_641/raw_images/20210521-p01-KJG_C04.TIF","0","p01","KJG","0","C04"
1,29,"file:/Users/njwheeler/Desktop/CellProfiler_Pipelines/projects/20210521-p01-KJG_641/raw_images/20210521-p01-KJG_C05.TIF","file:/Users/njwheeler/Desktop/CellProfiler_Pipelines/masks/well_mask.png","/Users/njwheeler/Desktop/CellProfiler_Pipelines/projects/20210521-p01-KJG_641/raw_images","/Users/njwheeler/Desktop/CellProfiler_Pipelines/masks","20210521-p01-KJG_C05.TIF","well_mask.png",0,0,0,0,-1,-1,"20210521","file:/Users/njwheeler/Desktop/CellProfiler_Pipelines/projects/20210521-p01-KJG_641/raw_images/20210521-p01-KJG_C05.TIF","0","p01","KJG","0","C05"
1,30,"file:/Users/njwheeler/Desktop/CellProfiler_Pipelines/projects/20210521-p01-KJG_641/raw_images/20210521-p01-KJG_C06.TIF","file:/Users/njwheeler/Desktop/CellProfiler_Pipelines/masks/well_mask.png","/Users/njwheeler/Desktop/CellProfiler_Pipelines/projects/20210521-p01-KJG_641/raw_images","/Users/njwheeler/Desktop/CellProfiler_Pipelines/masks","20210521-p01-KJG_C06.TIF","well_mask.png",0,0,0,0,-1,-1,"20210521","file:/Users/njwheeler/Desktop/CellProfiler_Pipelines/projects/20210521-p01-KJG_641/raw_images/20210521-p01-KJG_C06.TIF","0","p01","KJG","0","C06"
1,31,"file:/Users/njwheeler/Desktop/CellProfiler_Pipelines/projects/20210521-p01-KJG_641/raw_images/20210521-p01-KJG_C07.TIF","file:/Users/njwheeler/Desktop/CellProfiler_Pipelines/masks/well_mask.png","/Users/njwheeler/Desktop/CellProfiler_Pipelines/projects/20210521-p01-KJG_641/raw_images","/Users/njwheeler/Desktop/CellProfiler_Pipelines/masks","20210521-p01-KJG_C07.TIF","well_mask.png",0,0,0,0,-1,-1,"20210521","file:/Users/njwheeler/Desktop/CellProfiler_Pipelines/projects/20210521-p01-KJG_641/raw_images/20210521-p01-KJG_C07.TIF","0","p01","KJG","0","C07"
1,32,"file:/Users/njwheeler/Desktop/CellProfiler_Pipelines/projects/20210521-p01-KJG_641/raw_images/20210521-p01-KJG_C08.TIF","file:/Users/njwheeler/Desktop/CellProfiler_Pipelines/masks/well_mask.png","/Users/njwheeler/Desktop/CellProfiler_Pipelines/projects/20210521-p01-KJG_641/raw_images","/Users/njwheeler/Desktop/CellProfiler_Pipelines/masks","20210521-p01-KJG_C08.TIF","well_mask.png",0,0,0,0,-1,-1,"20210521","file:/Users/njwheeler/Desktop/CellProfiler_Pipelines/projects/20210521-p01-KJG_641/raw_images/20210521-p01-KJG_C08.TIF","0","p01","KJG","0","C08"
1,33,"file:/Users/njwheeler/Desktop/CellProfiler_Pipelines/projects/20210521-p01-KJG_641/raw_images/20210521-p01-KJG_C09.TIF","file:/Users/njwheeler/Desktop/CellProfiler_Pipelines/masks/well_mask.png","/Users/njwheeler/Desktop/CellProfiler_Pipelines/projects/20210521-p01-KJG_641/raw_images","/Users/njwheeler/Desktop/CellProfiler_Pipelines/masks","20210521-p01-KJG_C09.TIF","well_mask.png",0,0,0,0,-1,-1,"20210521","file:/Users/njwheeler/Desktop/CellProfiler_Pipelines/projects/20210521-p01-KJG_641/raw_images/20210521-p01-KJG_C09.TIF","0","p01","KJG","0","C09"
1,34,"file:/Users/njwheeler/Desktop/CellProfiler_Pipelines/projects/20210521-p01-KJG_641/raw_images/20210521-p01-KJG_C10.TIF","file:/Users/njwheeler/Desktop/CellProfiler_Pipelines/masks/well_mask.png","/Users/njwheeler/Desktop/CellProfiler_Pipelines/projects/20210521-p01-KJG_641/raw_images","/Users/njwheeler/Desktop/CellProfiler_Pipelines/masks","20210521-p01-KJG_C10.TIF","well_mask.png",0,0,0,0,-1,-1,"20210521","file:/Users/njwheeler/Desktop/CellProfiler_Pipelines/projects/20210521-p01-KJG_641/raw_images/20210521-p01-KJG_C10.TIF","0","p01","KJG","0","C10"
1,35,"file:/Users/njwheeler/Desktop/CellProfiler_Pipelines/projects/20210521-p01-KJG_641/raw_images/20210521-p01-KJG_C11.TIF","file:/Users/njwheeler/Desktop/CellProfiler_Pipelines/masks/well_mask.png","/Users/njwheeler/Desktop/CellProfiler_Pipelines/projects/20210521-p01-KJG_641/raw_images","/Users/njwheeler/Desktop/CellProfiler_Pipelines/masks","20210521-p01-KJG_C11.TIF","well_mask.png",0,0,0,0,-1,-1,"20210521","file:/Users/njwheeler/Desktop/CellProfiler_Pipelines/projects/20210521-p01-KJG_641/raw_images/20210521-p01-KJG_C11.TIF","0","p01","KJG","0","C11"
1,36,"file:/Users/njwheeler/Desktop/CellProfiler_Pipelines/projects/20210521-p01-KJG_641/raw_images/20210521-p01-KJG_C12.TIF","file:/Users/njwheeler/Desktop/CellProfiler_Pipelines/masks/well_mask.png","/Users/njwheeler/Desktop/CellProfiler_Pipelines/projects/20210521-p01-KJG_641/raw_images","/Users/njwheeler/Desktop/CellProfiler_Pipelines/masks","20210521-p01-KJG_C12.TIF","well_mask.png",0,0,0,0,-1,-1,"20210521","file:/Users/njwheeler/Desktop/CellProfiler_Pipelines/projects/20210521-p01-KJG_641/raw_images/20210521-p01-KJG_C12.TIF","0","p01","KJG","0","C12"
1,37,"file:/Users/njwheeler/Desktop/CellProfiler_Pipelines/projects/20210521-p01-KJG_641/raw_images/20210521-p01-KJG_D01.TIF","file:/Users/njwheeler/Desktop/CellProfiler_Pipelines/masks/well_mask.png","/Users/njwheeler/Desktop/CellProfiler_Pipelines/projects/20210521-p01-KJG_641/raw_images","/Users/njwheeler/Desktop/CellProfiler_Pipelines/masks","20210521-p01-KJG_D01.TIF","well_mask.png",0,0,0,0,-1,-1,"20210521","file:/Users/njwheeler/Desktop/CellProfiler_Pipelines/projects/20210521-p01-KJG_641/raw_images/20210521-p01-KJG_D01.TIF","0","p01","KJG","0","D01"
1,38,"file:/Users/njwheeler/Desktop/CellProfiler_Pipelines/projects/20210521-p01-KJG_641/raw_images/20210521-p01-KJG_D02.TIF","file:/Users/njwheeler/Desktop/CellProfiler_Pipelines/masks/well_mask.png","/Users/njwheeler/Desktop/CellProfiler_Pipelines/projects/20210521-p01-KJG_641/raw_images","/Users/njwheeler/Desktop/CellProfiler_Pipelines/masks","20210521-p01-KJG_D02.TIF","well_mask.png",0,0,0,0,-1,-1,"20210521","file:/Users/njwheeler/Desktop/CellProfiler_Pipelines/projects/20210521-p01-KJG_641/raw_images/20210521-p01-KJG_D02.TIF","0","p01","KJG","0","D02"
1,39,"file:/Users/njwheeler/Desktop/CellProfiler_Pipelines/projects/20210521-p01-KJG_641/raw_images/20210521-p01-KJG_D03.TIF","file:/Users/njwheeler/Desktop/CellProfiler_Pipelines/masks/well_mask.png","/Users/njwheeler/Desktop/CellProfiler_Pipelines/projects/20210521-p01-KJG_641/raw_images","/Users/njwheeler/Desktop/CellProfiler_Pipelines/masks","20210521-p01-KJG_D03.TIF","well_mask.png",0,0,0,0,-1,-1,"20210521","file:/Users/njwheeler/Desktop/CellProfiler_Pipelines/projects/20210521-p01-KJG_641/raw_images/20210521-p01-KJG_D03.TIF","0","p01","KJG","0","D03"
1,40,"file:/Users/njwheeler/Desktop/CellProfiler_Pipelines/projects/20210521-p01-KJG_641/raw_images/20210521-p01-KJG_D04.TIF","file:/Users/njwheeler/Desktop/CellProfiler_Pipelines/masks/well_mask.png","/Users/njwheeler/Desktop/CellProfiler_Pipelines/projects/20210521-p01-KJG_641/raw_images","/Users/njwheeler/Desktop/CellProfiler_Pipelines/masks","20210521-p01-KJG_D04.TIF","well_mask.png",0,0,0,0,-1,-1,"20210521","file:/Users/njwheeler/Desktop/CellProfiler_Pipelines/projects/20210521-p01-KJG_641/raw_images/20210521-p01-KJG_D04.TIF","0","p01","KJG","0","D04"
1,41,"file:/Users/njwheeler/Desktop/CellProfiler_Pipelines/projects/20210521-p01-KJG_641/raw_images/20210521-p01-KJG_D05.TIF","file:/Users/njwheeler/Desktop/CellProfiler_Pipelines/masks/well_mask.png","/Users/njwheeler/Desktop/CellProfiler_Pipelines/projects/20210521-p01-KJG_641/raw_images","/Users/njwheeler/Desktop/CellProfiler_Pipelines/masks","20210521-p01-KJG_D05.TIF","well_mask.png",0,0,0,0,-1,-1,"20210521","file:/Users/njwheeler/Desktop/CellProfiler_Pipelines/projects/20210521-p01-KJG_641/raw_images/20210521-p01-KJG_D05.TIF","0","p01","KJG","0","D05"
1,42,"file:/Users/njwheeler/Desktop/CellProfiler_Pipelines/projects/20210521-p01-KJG_641/raw_images/20210521-p01-KJG_D06.TIF","file:/Users/njwheeler/Desktop/CellProfiler_Pipelines/masks/well_mask.png","/Users/njwheeler/Desktop/CellProfiler_Pipelines/projects/20210521-p01-KJG_641/raw_images","/Users/njwheeler/Desktop/CellProfiler_Pipelines/masks","20210521-p01-KJG_D06.TIF","well_mask.png",0,0,0,0,-1,-1,"20210521","file:/Users/njwheeler/Desktop/CellProfiler_Pipelines/projects/20210521-p01-KJG_641/raw_images/20210521-p01-KJG_D06.TIF","0","p01","KJG","0","D06"
1,43,"file:/Users/njwheeler/Desktop/CellProfiler_Pipelines/projects/20210521-p01-KJG_641/raw_images/20210521-p01-KJG_D07.TIF","file:/Users/njwheeler/Desktop/CellProfiler_Pipelines/masks/well_mask.png","/Users/njwheeler/Desktop/CellProfiler_Pipelines/projects/20210521-p01-KJG_641/raw_images","/Users/njwheeler/Desktop/CellProfiler_Pipelines/masks","20210521-p01-KJG_D07.TIF","well_mask.png",0,0,0,0,-1,-1,"20210521","file:/Users/njwheeler/Desktop/CellProfiler_Pipelines/projects/20210521-p01-KJG_641/raw_images/20210521-p01-KJG_D07.TIF","0","p01","KJG","0","D07"
1,44,"file:/Users/njwheeler/Desktop/CellProfiler_Pipelines/projects/20210521-p01-KJG_641/raw_images/20210521-p01-KJG_D08.TIF","file:/Users/njwheeler/Desktop/CellProfiler_Pipelines/masks/well_mask.png","/Users/njwheeler/Desktop/CellProfiler_Pipelines/projects/20210521-p01-KJG_641/raw_images","/Users/njwheeler/Desktop/CellProfiler_Pipelines/masks","20210521-p01-KJG_D08.TIF","well_mask.png",0,0,0,0,-1,-1,"20210521","file:/Users/njwheeler/Desktop/CellProfiler_Pipelines/projects/20210521-p01-KJG_641/raw_images/20210521-p01-KJG_D08.TIF","0","p01","KJG","0","D08"
1,45,"file:/Users/njwheeler/Desktop/CellProfiler_Pipelines/projects/20210521-p01-KJG_641/raw_images/20210521-p01-KJG_D09.TIF","file:/Users/njwheeler/Desktop/CellProfiler_Pipelines/masks/well_mask.png","/Users/njwheeler/Desktop/CellProfiler_Pipelines/projects/20210521-p01-KJG_641/raw_images","/Users/njwheeler/Desktop/CellProfiler_Pipelines/masks","20210521-p01-KJG_D09.TIF","well_mask.png",0,0,0,0,-1,-1,"20210521","file:/Users/njwheeler/Desktop/CellProfiler_Pipelines/projects/20210521-p01-KJG_641/raw_images/20210521-p01-KJG_D09.TIF","0","p01","KJG","0","D09"
1,46,"file:/Users/njwheeler/Desktop/CellProfiler_Pipelines/projects/20210521-p01-KJG_641/raw_images/20210521-p01-KJG_D10.TIF","file:/Users/njwheeler/Desktop/CellProfiler_Pipelines/masks/well_mask.png","/Users/njwheeler/Desktop/CellProfiler_Pipelines/projects/20210521-p01-KJG_641/raw_images","/Users/njwheeler/Desktop/CellProfiler_Pipelines/masks","20210521-p01-KJG_D10.TIF","well_mask.png",0,0,0,0,-1,-1,"20210521","file:/Users/njwheeler/Desktop/CellProfiler_Pipelines/projects/20210521-p01-KJG_641/raw_images/20210521-p01-KJG_D10.TIF","0","p01","KJG","0","D10"
1,47,"file:/Users/njwheeler/Desktop/CellProfiler_Pipelines/projects/20210521-p01-KJG_641/raw_images/20210521-p01-KJG_D11.TIF","file:/Users/njwheeler/Desktop/CellProfiler_Pipelines/masks/well_mask.png","/Users/njwheeler/Desktop/CellProfiler_Pipelines/projects/20210521-p01-KJG_641/raw_images","/Users/njwheeler/Desktop/CellProfiler_Pipelines/masks","20210521-p01-KJG_D11.TIF","well_mask.png",0,0,0,0,-1,-1,"20210521","file:/Users/njwheeler/Desktop/CellProfiler_Pipelines/projects/20210521-p01-KJG_641/raw_images/20210521-p01-KJG_D11.TIF","0","p01","KJG","0","D11"
1,48,"file:/Users/njwheeler/Desktop/CellProfiler_Pipelines/projects/20210521-p01-KJG_641/raw_images/20210521-p01-KJG_D12.TIF","file:/Users/njwheeler/Desktop/CellProfiler_Pipelines/masks/well_mask.png","/Users/njwheeler/Desktop/CellProfiler_Pipelines/projects/20210521-p01-KJG_641/raw_images","/Users/njwheeler/Desktop/CellProfiler_Pipelines/masks","20210521-p01-KJG_D12.TIF","well_mask.png",0,0,0,0,-1,-1,"20210521","file:/Users/njwheeler/Desktop/CellProfiler_Pipelines/projects/20210521-p01-KJG_641/raw_images/20210521-p01-KJG_D12.TIF","0","p01","KJG","0","D12"
1,49,"file:/Users/njwheeler/Desktop/CellProfiler_Pipelines/projects/20210521-p01-KJG_641/raw_images/20210521-p01-KJG_E01.TIF","file:/Users/njwheeler/Desktop/CellProfiler_Pipelines/masks/well_mask.png","/Users/njwheeler/Desktop/CellProfiler_Pipelines/projects/20210521-p01-KJG_641/raw_images","/Users/njwheeler/Desktop/CellProfiler_Pipelines/masks","20210521-p01-KJG_E01.TIF","well_mask.png",0,0,0,0,-1,-1,"20210521","file:/Users/njwheeler/Desktop/CellProfiler_Pipelines/projects/20210521-p01-KJG_641/raw_images/20210521-p01-KJG_E01.TIF","0","p01","KJG","0","E01"
1,50,"file:/Users/njwheeler/Desktop/CellProfiler_Pipelines/projects/20210521-p01-KJG_641/raw_images/20210521-p01-KJG_E02.TIF","file:/Users/njwheeler/Desktop/CellProfiler_Pipelines/masks/well_mask.png","/Users/njwheeler/Desktop/CellProfiler_Pipelines/projects/20210521-p01-KJG_641/raw_images","/Users/njwheeler/Desktop/CellProfiler_Pipelines/masks","20210521-p01-KJG_E02.TIF","well_mask.png",0,0,0,0,-1,-1,"20210521","file:/Users/njwheeler/Desktop/CellProfiler_Pipelines/projects/20210521-p01-KJG_641/raw_images/20210521-p01-KJG_E02.TIF","0","p01","KJG","0","E02"
1,51,"file:/Users/njwheeler/Desktop/CellProfiler_Pipelines/projects/20210521-p01-KJG_641/raw_images/20210521-p01-KJG_E03.TIF","file:/Users/njwheeler/Desktop/CellProfiler_Pipelines/masks/well_mask.png","/Users/njwheeler/Desktop/CellProfiler_Pipelines/projects/20210521-p01-KJG_641/raw_images","/Users/njwheeler/Desktop/CellProfiler_Pipelines/masks","20210521-p01-KJG_E03.TIF","well_mask.png",0,0,0,0,-1,-1,"20210521","file:/Users/njwheeler/Desktop/CellProfiler_Pipelines/projects/20210521-p01-KJG_641/raw_images/20210521-p01-KJG_E03.TIF","0","p01","KJG","0","E03"
1,52,"file:/Users/njwheeler/Desktop/CellProfiler_Pipelines/projects/20210521-p01-KJG_641/raw_images/20210521-p01-KJG_E04.TIF","file:/Users/njwheeler/Desktop/CellProfiler_Pipelines/masks/well_mask.png","/Users/njwheeler/Desktop/CellProfiler_Pipelines/projects/20210521-p01-KJG_641/raw_images","/Users/njwheeler/Desktop/CellProfiler_Pipelines/masks","20210521-p01-KJG_E04.TIF","well_mask.png",0,0,0,0,-1,-1,"20210521","file:/Users/njwheeler/Desktop/CellProfiler_Pipelines/projects/20210521-p01-KJG_641/raw_images/20210521-p01-KJG_E04.TIF","0","p01","KJG","0","E04"
1,53,"file:/Users/njwheeler/Desktop/CellProfiler_Pipelines/projects/20210521-p01-KJG_641/raw_images/20210521-p01-KJG_E05.TIF","file:/Users/njwheeler/Desktop/CellProfiler_Pipelines/masks/well_mask.png","/Users/njwheeler/Desktop/CellProfiler_Pipelines/projects/20210521-p01-KJG_641/raw_images","/Users/njwheeler/Desktop/CellProfiler_Pipelines/masks","20210521-p01-KJG_E05.TIF","well_mask.png",0,0,0,0,-1,-1,"20210521","file:/Users/njwheeler/Desktop/CellProfiler_Pipelines/projects/20210521-p01-KJG_641/raw_images/20210521-p01-KJG_E05.TIF","0","p01","KJG","0","E05"
1,54,"file:/Users/njwheeler/Desktop/CellProfiler_Pipelines/projects/20210521-p01-KJG_641/raw_images/20210521-p01-KJG_E06.TIF","file:/Users/njwheeler/Desktop/CellProfiler_Pipelines/masks/well_mask.png","/Users/njwheeler/Desktop/CellProfiler_Pipelines/projects/20210521-p01-KJG_641/raw_images","/Users/njwheeler/Desktop/CellProfiler_Pipelines/masks","20210521-p01-KJG_E06.TIF","well_mask.png",0,0,0,0,-1,-1,"20210521","file:/Users/njwheeler/Desktop/CellProfiler_Pipelines/projects/20210521-p01-KJG_641/raw_images/20210521-p01-KJG_E06.TIF","0","p01","KJG","0","E06"
1,55,"file:/Users/njwheeler/Desktop/CellProfiler_Pipelines/projects/20210521-p01-KJG_641/raw_images/20210521-p01-KJG_E07.TIF","file:/Users/njwheeler/Desktop/CellProfiler_Pipelines/masks/well_mask.png","/Users/njwheeler/Desktop/CellProfiler_Pipelines/projects/20210521-p01-KJG_641/raw_images","/Users/njwheeler/Desktop/CellProfiler_Pipelines/masks","20210521-p01-KJG_E07.TIF","well_mask.png",0,0,0,0,-1,-1,"20210521","file:/Users/njwheeler/Desktop/CellProfiler_Pipelines/projects/20210521-p01-KJG_641/raw_images/20210521-p01-KJG_E07.TIF","0","p01","KJG","0","E07"
1,56,"file:/Users/njwheeler/Desktop/CellProfiler_Pipelines/projects/20210521-p01-KJG_641/raw_images/20210521-p01-KJG_E08.TIF","file:/Users/njwheeler/Desktop/CellProfiler_Pipelines/masks/well_mask.png","/Users/njwheeler/Desktop/CellProfiler_Pipelines/projects/20210521-p01-KJG_641/raw_images","/Users/njwheeler/Desktop/CellProfiler_Pipelines/masks","20210521-p01-KJG_E08.TIF","well_mask.png",0,0,0,0,-1,-1,"20210521","file:/Users/njwheeler/Desktop/CellProfiler_Pipelines/projects/20210521-p01-KJG_641/raw_images/20210521-p01-KJG_E08.TIF","0","p01","KJG","0","E08"
1,57,"file:/Users/njwheeler/Desktop/CellProfiler_Pipelines/projects/20210521-p01-KJG_641/raw_images/20210521-p01-KJG_E09.TIF","file:/Users/njwheeler/Desktop/CellProfiler_Pipelines/masks/well_mask.png","/Users/njwheeler/Desktop/CellProfiler_Pipelines/projects/20210521-p01-KJG_641/raw_images","/Users/njwheeler/Desktop/CellProfiler_Pipelines/masks","20210521-p01-KJG_E09.TIF","well_mask.png",0,0,0,0,-1,-1,"20210521","file:/Users/njwheeler/Desktop/CellProfiler_Pipelines/projects/20210521-p01-KJG_641/raw_images/20210521-p01-KJG_E09.TIF","0","p01","KJG","0","E09"
1,58,"file:/Users/njwheeler/Desktop/CellProfiler_Pipelines/projects/20210521-p01-KJG_641/raw_images/20210521-p01-KJG_E10.TIF","file:/Users/njwheeler/Desktop/CellProfiler_Pipelines/masks/well_mask.png","/Users/njwheeler/Desktop/CellProfiler_Pipelines/projects/20210521-p01-KJG_641/raw_images","/Users/njwheeler/Desktop/CellProfiler_Pipelines/masks","20210521-p01-KJG_E10.TIF","well_mask.png",0,0,0,0,-1,-1,"20210521","file:/Users/njwheeler/Desktop/CellProfiler_Pipelines/projects/20210521-p01-KJG_641/raw_images/20210521-p01-KJG_E10.TIF","0","p01","KJG","0","E10"
1,59,"file:/Users/njwheeler/Desktop/CellProfiler_Pipelines/projects/20210521-p01-KJG_641/raw_images/20210521-p01-KJG_E11.TIF","file:/Users/njwheeler/Desktop/CellProfiler_Pipelines/masks/well_mask.png","/Users/njwheeler/Desktop/CellProfiler_Pipelines/projects/20210521-p01-KJG_641/raw_images","/Users/njwheeler/Desktop/CellProfiler_Pipelines/masks","20210521-p01-KJG_E11.TIF","well_mask.png",0,0,0,0,-1,-1,"20210521","file:/Users/njwheeler/Desktop/CellProfiler_Pipelines/projects/20210521-p01-KJG_641/raw_images/20210521-p01-KJG_E11.TIF","0","p01","KJG","0","E11"
1,60,"file:/Users/njwheeler/Desktop/CellProfiler_Pipelines/projects/20210521-p01-KJG_641/raw_images/20210521-p01-KJG_E12.TIF","file:/Users/njwheeler/Desktop/CellProfiler_Pipelines/masks/well_mask.png","/Users/njwheeler/Desktop/CellProfiler_Pipelines/projects/20210521-p01-KJG_641/raw_images","/Users/njwheeler/Desktop/CellProfiler_Pipelines/masks","20210521-p01-KJG_E12.TIF","well_mask.png",0,0,0,0,-1,-1,"20210521","file:/Users/njwheeler/Desktop/CellProfiler_Pipelines/projects/20210521-p01-KJG_641/raw_images/20210521-p01-KJG_E12.TIF","0","p01","KJG","0","E12"
1,61,"file:/Users/njwheeler/Desktop/CellProfiler_Pipelines/projects/20210521-p01-KJG_641/raw_images/20210521-p01-KJG_F01.TIF","file:/Users/njwheeler/Desktop/CellProfiler_Pipelines/masks/well_mask.png","/Users/njwheeler/Desktop/CellProfiler_Pipelines/projects/20210521-p01-KJG_641/raw_images","/Users/njwheeler/Desktop/CellProfiler_Pipelines/masks","20210521-p01-KJG_F01.TIF","well_mask.png",0,0,0,0,-1,-1,"20210521","file:/Users/njwheeler/Desktop/CellProfiler_Pipelines/projects/20210521-p01-KJG_641/raw_images/20210521-p01-KJG_F01.TIF","0","p01","KJG","0","F01"
1,62,"file:/Users/njwheeler/Desktop/CellProfiler_Pipelines/projects/20210521-p01-KJG_641/raw_images/20210521-p01-KJG_F02.TIF","file:/Users/njwheeler/Desktop/CellProfiler_Pipelines/masks/well_mask.png","/Users/njwheeler/Desktop/CellProfiler_Pipelines/projects/20210521-p01-KJG_641/raw_images","/Users/njwheeler/Desktop/CellProfiler_Pipelines/masks","20210521-p01-KJG_F02.TIF","well_mask.png",0,0,0,0,-1,-1,"20210521","file:/Users/njwheeler/Desktop/CellProfiler_Pipelines/projects/20210521-p01-KJG_641/raw_images/20210521-p01-KJG_F02.TIF","0","p01","KJG","0","F02"
1,63,"file:/Users/njwheeler/Desktop/CellProfiler_Pipelines/projects/20210521-p01-KJG_641/raw_images/20210521-p01-KJG_F03.TIF","file:/Users/njwheeler/Desktop/CellProfiler_Pipelines/masks/well_mask.png","/Users/njwheeler/Desktop/CellProfiler_Pipelines/projects/20210521-p01-KJG_641/raw_images","/Users/njwheeler/Desktop/CellProfiler_Pipelines/masks","20210521-p01-KJG_F03.TIF","well_mask.png",0,0,0,0,-1,-1,"20210521","file:/Users/njwheeler/Desktop/CellProfiler_Pipelines/projects/20210521-p01-KJG_641/raw_images/20210521-p01-KJG_F03.TIF","0","p01","KJG","0","F03"
1,64,"file:/Users/njwheeler/Desktop/CellProfiler_Pipelines/projects/20210521-p01-KJG_641/raw_images/20210521-p01-KJG_F04.TIF","file:/Users/njwheeler/Desktop/CellProfiler_Pipelines/masks/well_mask.png","/Users/njwheeler/Desktop/CellProfiler_Pipelines/projects/20210521-p01-KJG_641/raw_images","/Users/njwheeler/Desktop/CellProfiler_Pipelines/masks","20210521-p01-KJG_F04.TIF","well_mask.png",0,0,0,0,-1,-1,"20210521","file:/Users/njwheeler/Desktop/CellProfiler_Pipelines/projects/20210521-p01-KJG_641/raw_images/20210521-p01-KJG_F04.TIF","0","p01","KJG","0","F04"
1,65,"file:/Users/njwheeler/Desktop/CellProfiler_Pipelines/projects/20210521-p01-KJG_641/raw_images/20210521-p01-KJG_F05.TIF","file:/Users/njwheeler/Desktop/CellProfiler_Pipelines/masks/well_mask.png","/Users/njwheeler/Desktop/CellProfiler_Pipelines/projects/20210521-p01-KJG_641/raw_images","/Users/njwheeler/Desktop/CellProfiler_Pipelines/masks","20210521-p01-KJG_F05.TIF","well_mask.png",0,0,0,0,-1,-1,"20210521","file:/Users/njwheeler/Desktop/CellProfiler_Pipelines/projects/20210521-p01-KJG_641/raw_images/20210521-p01-KJG_F05.TIF","0","p01","KJG","0","F05"
1,66,"file:/Users/njwheeler/Desktop/CellProfiler_Pipelines/projects/20210521-p01-KJG_641/raw_images/20210521-p01-KJG_F06.TIF","file:/Users/njwheeler/Desktop/CellProfiler_Pipelines/masks/well_mask.png","/Users/njwheeler/Desktop/CellProfiler_Pipelines/projects/20210521-p01-KJG_641/raw_images","/Users/njwheeler/Desktop/CellProfiler_Pipelines/masks","20210521-p01-KJG_F06.TIF","well_mask.png",0,0,0,0,-1,-1,"20210521","file:/Users/njwheeler/Desktop/CellProfiler_Pipelines/projects/20210521-p01-KJG_641/raw_images/20210521-p01-KJG_F06.TIF","0","p01","KJG","0","F06"
1,67,"file:/Users/njwheeler/Desktop/CellProfiler_Pipelines/projects/20210521-p01-KJG_641/raw_images/20210521-p01-KJG_F07.TIF","file:/Users/njwheeler/Desktop/CellProfiler_Pipelines/masks/well_mask.png","/Users/njwheeler/Desktop/CellProfiler_Pipelines/projects/20210521-p01-KJG_641/raw_images","/Users/njwheeler/Desktop/CellProfiler_Pipelines/masks","20210521-p01-KJG_F07.TIF","well_mask.png",0,0,0,0,-1,-1,"20210521","file:/Users/njwheeler/Desktop/CellProfiler_Pipelines/projects/20210521-p01-KJG_641/raw_images/20210521-p01-KJG_F07.TIF","0","p01","KJG","0","F07"
1,68,"file:/Users/njwheeler/Desktop/CellProfiler_Pipelines/projects/20210521-p01-KJG_641/raw_images/20210521-p01-KJG_F08.TIF","file:/Users/njwheeler/Desktop/CellProfiler_Pipelines/masks/well_mask.png","/Users/njwheeler/Desktop/CellProfiler_Pipelines/projects/20210521-p01-KJG_641/raw_images","/Users/njwheeler/Desktop/CellProfiler_Pipelines/masks","20210521-p01-KJG_F08.TIF","well_mask.png",0,0,0,0,-1,-1,"20210521","file:/Users/njwheeler/Desktop/CellProfiler_Pipelines/projects/20210521-p01-KJG_641/raw_images/20210521-p01-KJG_F08.TIF","0","p01","KJG","0","F08"
1,69,"file:/Users/njwheeler/Desktop/CellProfiler_Pipelines/projects/20210521-p01-KJG_641/raw_images/20210521-p01-KJG_F09.TIF","file:/Users/njwheeler/Desktop/CellProfiler_Pipelines/masks/well_mask.png","/Users/njwheeler/Desktop/CellProfiler_Pipelines/projects/20210521-p01-KJG_641/raw_images","/Users/njwheeler/Desktop/CellProfiler_Pipelines/masks","20210521-p01-KJG_F09.TIF","well_mask.png",0,0,0,0,-1,-1,"20210521","file:/Users/njwheeler/Desktop/CellProfiler_Pipelines/projects/20210521-p01-KJG_641/raw_images/20210521-p01-KJG_F09.TIF","0","p01","KJG","0","F09"
1,70,"file:/Users/njwheeler/Desktop/CellProfiler_Pipelines/projects/20210521-p01-KJG_641/raw_images/20210521-p01-KJG_F10.TIF","file:/Users/njwheeler/Desktop/CellProfiler_Pipelines/masks/well_mask.png","/Users/njwheeler/Desktop/CellProfiler_Pipelines/projects/20210521-p01-KJG_641/raw_images","/Users/njwheeler/Desktop/CellProfiler_Pipelines/masks","20210521-p01-KJG_F10.TIF","well_mask.png",0,0,0,0,-1,-1,"20210521","file:/Users/njwheeler/Desktop/CellProfiler_Pipelines/projects/20210521-p01-KJG_641/raw_images/20210521-p01-KJG_F10.TIF","0","p01","KJG","0","F10"
1,71,"file:/Users/njwheeler/Desktop/CellProfiler_Pipelines/projects/20210521-p01-KJG_641/raw_images/20210521-p01-KJG_F11.TIF","file:/Users/njwheeler/Desktop/CellProfiler_Pipelines/masks/well_mask.png","/Users/njwheeler/Desktop/CellProfiler_Pipelines/projects/20210521-p01-KJG_641/raw_images","/Users/njwheeler/Desktop/CellProfiler_Pipelines/masks","20210521-p01-KJG_F11.TIF","well_mask.png",0,0,0,0,-1,-1,"20210521","file:/Users/njwheeler/Desktop/CellProfiler_Pipelines/projects/20210521-p01-KJG_641/raw_images/20210521-p01-KJG_F11.TIF","0","p01","KJG","0","F11"
1,72,"file:/Users/njwheeler/Desktop/CellProfiler_Pipelines/projects/20210521-p01-KJG_641/raw_images/20210521-p01-KJG_F12.TIF","file:/Users/njwheeler/Desktop/CellProfiler_Pipelines/masks/well_mask.png","/Users/njwheeler/Desktop/CellProfiler_Pipelines/projects/20210521-p01-KJG_641/raw_images","/Users/njwheeler/Desktop/CellProfiler_Pipelines/masks","20210521-p01-KJG_F12.TIF","well_mask.png",0,0,0,0,-1,-1,"20210521","file:/Users/njwheeler/Desktop/CellProfiler_Pipelines/projects/20210521-p01-KJG_641/raw_images/20210521-p01-KJG_F12.TIF","0","p01","KJG","0","F12"
1,73,"file:/Users/njwheeler/Desktop/CellProfiler_Pipelines/projects/20210521-p01-KJG_641/raw_images/20210521-p01-KJG_G01.TIF","file:/Users/njwheeler/Desktop/CellProfiler_Pipelines/masks/well_mask.png","/Users/njwheeler/Desktop/CellProfiler_Pipelines/projects/20210521-p01-KJG_641/raw_images","/Users/njwheeler/Desktop/CellProfiler_Pipelines/masks","20210521-p01-KJG_G01.TIF","well_mask.png",0,0,0,0,-1,-1,"20210521","file:/Users/njwheeler/Desktop/CellProfiler_Pipelines/projects/20210521-p01-KJG_641/raw_images/20210521-p01-KJG_G01.TIF","0","p01","KJG","0","G01"
1,74,"file:/Users/njwheeler/Desktop/CellProfiler_Pipelines/projects/20210521-p01-KJG_641/raw_images/20210521-p01-KJG_G02.TIF","file:/Users/njwheeler/Desktop/CellProfiler_Pipelines/masks/well_mask.png","/Users/njwheeler/Desktop/CellProfiler_Pipelines/projects/20210521-p01-KJG_641/raw_images","/Users/njwheeler/Desktop/CellProfiler_Pipelines/masks","20210521-p01-KJG_G02.TIF","well_mask.png",0,0,0,0,-1,-1,"20210521","file:/Users/njwheeler/Desktop/CellProfiler_Pipelines/projects/20210521-p01-KJG_641/raw_images/20210521-p01-KJG_G02.TIF","0","p01","KJG","0","G02"
1,75,"file:/Users/njwheeler/Desktop/CellProfiler_Pipelines/projects/20210521-p01-KJG_641/raw_images/20210521-p01-KJG_G03.TIF","file:/Users/njwheeler/Desktop/CellProfiler_Pipelines/masks/well_mask.png","/Users/njwheeler/Desktop/CellProfiler_Pipelines/projects/20210521-p01-KJG_641/raw_images","/Users/njwheeler/Desktop/CellProfiler_Pipelines/masks","20210521-p01-KJG_G03.TIF","well_mask.png",0,0,0,0,-1,-1,"20210521","file:/Users/njwheeler/Desktop/CellProfiler_Pipelines/projects/20210521-p01-KJG_641/raw_images/20210521-p01-KJG_G03.TIF","0","p01","KJG","0","G03"
1,76,"file:/Users/njwheeler/Desktop/CellProfiler_Pipelines/projects/20210521-p01-KJG_641/raw_images/20210521-p01-KJG_G04.TIF","file:/Users/njwheeler/Desktop/CellProfiler_Pipelines/masks/well_mask.png","/Users/njwheeler/Desktop/CellProfiler_Pipelines/projects/20210521-p01-KJG_641/raw_images","/Users/njwheeler/Desktop/CellProfiler_Pipelines/masks","20210521-p01-KJG_G04.TIF","well_mask.png",0,0,0,0,-1,-1,"20210521","file:/Users/njwheeler/Desktop/CellProfiler_Pipelines/projects/20210521-p01-KJG_641/raw_images/20210521-p01-KJG_G04.TIF","0","p01","KJG","0","G04"
1,77,"file:/Users/njwheeler/Desktop/CellProfiler_Pipelines/projects/20210521-p01-KJG_641/raw_images/20210521-p01-KJG_G05.TIF","file:/Users/njwheeler/Desktop/CellProfiler_Pipelines/masks/well_mask.png","/Users/njwheeler/Desktop/CellProfiler_Pipelines/projects/20210521-p01-KJG_641/raw_images","/Users/njwheeler/Desktop/CellProfiler_Pipelines/masks","20210521-p01-KJG_G05.TIF","well_mask.png",0,0,0,0,-1,-1,"20210521","file:/Users/njwheeler/Desktop/CellProfiler_Pipelines/projects/20210521-p01-KJG_641/raw_images/20210521-p01-KJG_G05.TIF","0","p01","KJG","0","G05"
1,78,"file:/Users/njwheeler/Desktop/CellProfiler_Pipelines/projects/20210521-p01-KJG_641/raw_images/20210521-p01-KJG_G06.TIF","file:/Users/njwheeler/Desktop/CellProfiler_Pipelines/masks/well_mask.png","/Users/njwheeler/Desktop/CellProfiler_Pipelines/projects/20210521-p01-KJG_641/raw_images","/Users/njwheeler/Desktop/CellProfiler_Pipelines/masks","20210521-p01-KJG_G06.TIF","well_mask.png",0,0,0,0,-1,-1,"20210521","file:/Users/njwheeler/Desktop/CellProfiler_Pipelines/projects/20210521-p01-KJG_641/raw_images/20210521-p01-KJG_G06.TIF","0","p01","KJG","0","G06"
1,79,"file:/Users/njwheeler/Desktop/CellProfiler_Pipelines/projects/20210521-p01-KJG_641/raw_images/20210521-p01-KJG_G07.TIF","file:/Users/njwheeler/Desktop/CellProfiler_Pipelines/masks/well_mask.png","/Users/njwheeler/Desktop/CellProfiler_Pipelines/projects/20210521-p01-KJG_641/raw_images","/Users/njwheeler/Desktop/CellProfiler_Pipelines/masks","20210521-p01-KJG_G07.TIF","well_mask.png",0,0,0,0,-1,-1,"20210521","file:/Users/njwheeler/Desktop/CellProfiler_Pipelines/projects/20210521-p01-KJG_641/raw_images/20210521-p01-KJG_G07.TIF","0","p01","KJG","0","G07"
1,80,"file:/Users/njwheeler/Desktop/CellProfiler_Pipelines/projects/20210521-p01-KJG_641/raw_images/20210521-p01-KJG_G08.TIF","file:/Users/njwheeler/Desktop/CellProfiler_Pipelines/masks/well_mask.png","/Users/njwheeler/Desktop/CellProfiler_Pipelines/projects/20210521-p01-KJG_641/raw_images","/Users/njwheeler/Desktop/CellProfiler_Pipelines/masks","20210521-p01-KJG_G08.TIF","well_mask.png",0,0,0,0,-1,-1,"20210521","file:/Users/njwheeler/Desktop/CellProfiler_Pipelines/projects/20210521-p01-KJG_641/raw_images/20210521-p01-KJG_G08.TIF","0","p01","KJG","0","G08"
1,81,"file:/Users/njwheeler/Desktop/CellProfiler_Pipelines/projects/20210521-p01-KJG_641/raw_images/20210521-p01-KJG_G09.TIF","file:/Users/njwheeler/Desktop/CellProfiler_Pipelines/masks/well_mask.png","/Users/njwheeler/Desktop/CellProfiler_Pipelines/projects/20210521-p01-KJG_641/raw_images","/Users/njwheeler/Desktop/CellProfiler_Pipelines/masks","20210521-p01-KJG_G09.TIF","well_mask.png",0,0,0,0,-1,-1,"20210521","file:/Users/njwheeler/Desktop/CellProfiler_Pipelines/projects/20210521-p01-KJG_641/raw_images/20210521-p01-KJG_G09.TIF","0","p01","KJG","0","G09"
1,82,"file:/Users/njwheeler/Desktop/CellProfiler_Pipelines/projects/20210521-p01-KJG_641/raw_images/20210521-p01-KJG_G10.TIF","file:/Users/njwheeler/Desktop/CellProfiler_Pipelines/masks/well_mask.png","/Users/njwheeler/Desktop/CellProfiler_Pipelines/projects/20210521-p01-KJG_641/raw_images","/Users/njwheeler/Desktop/CellProfiler_Pipelines/masks","20210521-p01-KJG_G10.TIF","well_mask.png",0,0,0,0,-1,-1,"20210521","file:/Users/njwheeler/Desktop/CellProfiler_Pipelines/projects/20210521-p01-KJG_641/raw_images/20210521-p01-KJG_G10.TIF","0","p01","KJG","0","G10"
1,83,"file:/Users/njwheeler/Desktop/CellProfiler_Pipelines/projects/20210521-p01-KJG_641/raw_images/20210521-p01-KJG_G11.TIF","file:/Users/njwheeler/Desktop/CellProfiler_Pipelines/masks/well_mask.png","/Users/njwheeler/Desktop/CellProfiler_Pipelines/projects/20210521-p01-KJG_641/raw_images","/Users/njwheeler/Desktop/CellProfiler_Pipelines/masks","20210521-p01-KJG_G11.TIF","well_mask.png",0,0,0,0,-1,-1,"20210521","file:/Users/njwheeler/Desktop/CellProfiler_Pipelines/projects/20210521-p01-KJG_641/raw_images/20210521-p01-KJG_G11.TIF","0","p01","KJG","0","G11"
1,84,"file:/Users/njwheeler/Desktop/CellProfiler_Pipelines/projects/20210521-p01-KJG_641/raw_images/20210521-p01-KJG_G12.TIF","file:/Users/njwheeler/Desktop/CellProfiler_Pipelines/masks/well_mask.png","/Users/njwheeler/Desktop/CellProfiler_Pipelines/projects/20210521-p01-KJG_641/raw_images","/Users/njwheeler/Desktop/CellProfiler_Pipelines/masks","20210521-p01-KJG_G12.TIF","well_mask.png",0,0,0,0,-1,-1,"20210521","file:/Users/njwheeler/Desktop/CellProfiler_Pipelines/projects/20210521-p01-KJG_641/raw_images/20210521-p01-KJG_G12.TIF","0","p01","KJG","0","G12"
1,85,"file:/Users/njwheeler/Desktop/CellProfiler_Pipelines/projects/20210521-p01-KJG_641/raw_images/20210521-p01-KJG_H01.TIF","file:/Users/njwheeler/Desktop/CellProfiler_Pipelines/masks/well_mask.png","/Users/njwheeler/Desktop/CellProfiler_Pipelines/projects/20210521-p01-KJG_641/raw_images","/Users/njwheeler/Desktop/CellProfiler_Pipelines/masks","20210521-p01-KJG_H01.TIF","well_mask.png",0,0,0,0,-1,-1,"20210521","file:/Users/njwheeler/Desktop/CellProfiler_Pipelines/projects/20210521-p01-KJG_641/raw_images/20210521-p01-KJG_H01.TIF","0","p01","KJG","0","H01"
1,86,"file:/Users/njwheeler/Desktop/CellProfiler_Pipelines/projects/20210521-p01-KJG_641/raw_images/20210521-p01-KJG_H02.TIF","file:/Users/njwheeler/Desktop/CellProfiler_Pipelines/masks/well_mask.png","/Users/njwheeler/Desktop/CellProfiler_Pipelines/projects/20210521-p01-KJG_641/raw_images","/Users/njwheeler/Desktop/CellProfiler_Pipelines/masks","20210521-p01-KJG_H02.TIF","well_mask.png",0,0,0,0,-1,-1,"20210521","file:/Users/njwheeler/Desktop/CellProfiler_Pipelines/projects/20210521-p01-KJG_641/raw_images/20210521-p01-KJG_H02.TIF","0","p01","KJG","0","H02"
1,87,"file:/Users/njwheeler/Desktop/CellProfiler_Pipelines/projects/20210521-p01-KJG_641/raw_images/20210521-p01-KJG_H03.TIF","file:/Users/njwheeler/Desktop/CellProfiler_Pipelines/masks/well_mask.png","/Users/njwheeler/Desktop/CellProfiler_Pipelines/projects/20210521-p01-KJG_641/raw_images","/Users/njwheeler/Desktop/CellProfiler_Pipelines/masks","20210521-p01-KJG_H03.TIF","well_mask.png",0,0,0,0,-1,-1,"20210521","file:/Users/njwheeler/Desktop/CellProfiler_Pipelines/projects/20210521-p01-KJG_641/raw_images/20210521-p01-KJG_H03.TIF","0","p01","KJG","0","H03"
1,88,"file:/Users/njwheeler/Desktop/CellProfiler_Pipelines/projects/20210521-p01-KJG_641/raw_images/20210521-p01-KJG_H04.TIF","file:/Users/njwheeler/Desktop/CellProfiler_Pipelines/masks/well_mask.png","/Users/njwheeler/Desktop/CellProfiler_Pipelines/projects/20210521-p01-KJG_641/raw_images","/Users/njwheeler/Desktop/CellProfiler_Pipelines/masks","20210521-p01-KJG_H04.TIF","well_mask.png",0,0,0,0,-1,-1,"20210521","file:/Users/njwheeler/Desktop/CellProfiler_Pipelines/projects/20210521-p01-KJG_641/raw_images/20210521-p01-KJG_H04.TIF","0","p01","KJG","0","H04"
1,89,"file:/Users/njwheeler/Desktop/CellProfiler_Pipelines/projects/20210521-p01-KJG_641/raw_images/20210521-p01-KJG_H05.TIF","file:/Users/njwheeler/Desktop/CellProfiler_Pipelines/masks/well_mask.png","/Users/njwheeler/Desktop/CellProfiler_Pipelines/projects/20210521-p01-KJG_641/raw_images","/Users/njwheeler/Desktop/CellProfiler_Pipelines/masks","20210521-p01-KJG_H05.TIF","well_mask.png",0,0,0,0,-1,-1,"20210521","file:/Users/njwheeler/Desktop/CellProfiler_Pipelines/projects/20210521-p01-KJG_641/raw_images/20210521-p01-KJG_H05.TIF","0","p01","KJG","0","H05"
1,90,"file:/Users/njwheeler/Desktop/CellProfiler_Pipelines/projects/20210521-p01-KJG_641/raw_images/20210521-p01-KJG_H06.TIF","file:/Users/njwheeler/Desktop/CellProfiler_Pipelines/masks/well_mask.png","/Users/njwheeler/Desktop/CellProfiler_Pipelines/projects/20210521-p01-KJG_641/raw_images","/Users/njwheeler/Desktop/CellProfiler_Pipelines/masks","20210521-p01-KJG_H06.TIF","well_mask.png",0,0,0,0,-1,-1,"20210521","file:/Users/njwheeler/Desktop/CellProfiler_Pipelines/projects/20210521-p01-KJG_641/raw_images/20210521-p01-KJG_H06.TIF","0","p01","KJG","0","H06"
1,91,"file:/Users/njwheeler/Desktop/CellProfiler_Pipelines/projects/20210521-p01-KJG_641/raw_images/20210521-p01-KJG_H07.TIF","file:/Users/njwheeler/Desktop/CellProfiler_Pipelines/masks/well_mask.png","/Users/njwheeler/Desktop/CellProfiler_Pipelines/projects/20210521-p01-KJG_641/raw_images","/Users/njwheeler/Desktop/CellProfiler_Pipelines/masks","20210521-p01-KJG_H07.TIF","well_mask.png",0,0,0,0,-1,-1,"20210521","file:/Users/njwheeler/Desktop/CellProfiler_Pipelines/projects/20210521-p01-KJG_641/raw_images/20210521-p01-KJG_H07.TIF","0","p01","KJG","0","H07"
1,92,"file:/Users/njwheeler/Desktop/CellProfiler_Pipelines/projects/20210521-p01-KJG_641/raw_images/20210521-p01-KJG_H08.TIF","file:/Users/njwheeler/Desktop/CellProfiler_Pipelines/masks/well_mask.png","/Users/njwheeler/Desktop/CellProfiler_Pipelines/projects/20210521-p01-KJG_641/raw_images","/Users/njwheeler/Desktop/CellProfiler_Pipelines/masks","20210521-p01-KJG_H08.TIF","well_mask.png",0,0,0,0,-1,-1,"20210521","file:/Users/njwheeler/Desktop/CellProfiler_Pipelines/projects/20210521-p01-KJG_641/raw_images/20210521-p01-KJG_H08.TIF","0","p01","KJG","0","H08"
1,93,"file:/Users/njwheeler/Desktop/CellProfiler_Pipelines/projects/20210521-p01-KJG_641/raw_images/20210521-p01-KJG_H09.TIF","file:/Users/njwheeler/Desktop/CellProfiler_Pipelines/masks/well_mask.png","/Users/njwheeler/Desktop/CellProfiler_Pipelines/projects/20210521-p01-KJG_641/raw_images","/Users/njwheeler/Desktop/CellProfiler_Pipelines/masks","20210521-p01-KJG_H09.TIF","well_mask.png",0,0,0,0,-1,-1,"20210521","file:/Users/njwheeler/Desktop/CellProfiler_Pipelines/projects/20210521-p01-KJG_641/raw_images/20210521-p01-KJG_H09.TIF","0","p01","KJG","0","H09"
1,94,"file:/Users/njwheeler/Desktop/CellProfiler_Pipelines/projects/20210521-p01-KJG_641/raw_images/20210521-p01-KJG_H10.TIF","file:/Users/njwheeler/Desktop/CellProfiler_Pipelines/masks/well_mask.png","/Users/njwheeler/Desktop/CellProfiler_Pipelines/projects/20210521-p01-KJG_641/raw_images","/Users/njwheeler/Desktop/CellProfiler_Pipelines/masks","20210521-p01-KJG_H10.TIF","well_mask.png",0,0,0,0,-1,-1,"20210521","file:/Users/njwheeler/Desktop/CellProfiler_Pipelines/projects/20210521-p01-KJG_641/raw_images/20210521-p01-KJG_H10.TIF","0","p01","KJG","0","H10"
1,95,"file:/Users/njwheeler/Desktop/CellProfiler_Pipelines/projects/20210521-p01-KJG_641/raw_images/20210521-p01-KJG_H11.TIF","file:/Users/njwheeler/Desktop/CellProfiler_Pipelines/masks/well_mask.png","/Users/njwheeler/Desktop/CellProfiler_Pipelines/projects/20210521-p01-KJG_641/raw_images","/Users/njwheeler/Desktop/CellProfiler_Pipelines/masks","20210521-p01-KJG_H11.TIF","well_mask.png",0,0,0,0,-1,-1,"20210521","file:/Users/njwheeler/Desktop/CellProfiler_Pipelines/projects/20210521-p01-KJG_641/raw_images/20210521-p01-KJG_H11.TIF","0","p01","KJG","0","H11"
1,96,"file:/Users/njwheeler/Desktop/CellProfiler_Pipelines/projects/20210521-p01-KJG_641/raw_images/20210521-p01-KJG_H12.TIF","file:/Users/njwheeler/Desktop/CellProfiler_Pipelines/masks/well_mask.png","/Users/njwheeler/Desktop/CellProfiler_Pipelines/projects/20210521-p01-KJG_641/raw_images","/Users/njwheeler/Desktop/CellProfiler_Pipelines/masks","20210521-p01-KJG_H12.TIF","well_mask.png",0,0,0,0,-1,-1,"20210521","file:/Users/njwheeler/Desktop/CellProfiler_Pipelines/projects/20210521-p01-KJG_641/raw_images/20210521-p01-KJG_H12.TIF","0","p01","KJG","0","H12"
