"Group_Number","Group_Index","URL_GFP","URL_TransmittedLight","URL_TxRed","URL_wellmask","PathName_GFP","PathName_TransmittedLight","PathName_TxRed","PathName_wellmask","FileName_GFP","FileName_TransmittedLight","FileName_TxRed","FileName_wellmask","Series_GFP","Series_TransmittedLight","Series_TxRed","Series_wellmask","Frame_GFP","Frame_TransmittedLight","Frame_TxRed","Frame_wellmask","Channel_GFP","Channel_TransmittedLight","Channel_TxRed","Channel_wellmask","Metadata_Date","Metadata_FileLocation","Metadata_Frame","Metadata_Plate","Metadata_Researcher","Metadata_Series","Metadata_Wavelength","Metadata_Well"
1,1,"file:/Volumes/mzamanian/ImageXpress/raw/20210614-p01-KJG_670/TimePoint_1/20210614-p01-KJG_A01_w2.TIF","file:/Volumes/mzamanian/ImageXpress/raw/20210614-p01-KJG_670/TimePoint_1/20210614-p01-KJG_A01_w1.TIF","file:/Volumes/mzamanian/ImageXpress/raw/20210614-p01-KJG_670/TimePoint_1/20210614-p01-KJG_A01_w3.TIF","file:/Users/kendra/Desktop/wormBox/well_mask.png","/Volumes/mzamanian/ImageXpress/raw/20210614-p01-KJG_670/TimePoint_1","/Volumes/mzamanian/ImageXpress/raw/20210614-p01-KJG_670/TimePoint_1","/Volumes/mzamanian/ImageXpress/raw/20210614-p01-KJG_670/TimePoint_1","/Users/kendra/Desktop/wormBox","20210614-p01-KJG_A01_w2.TIF","20210614-p01-KJG_A01_w1.TIF","20210614-p01-KJG_A01_w3.TIF","well_mask.png",0,0,0,0,0,0,0,0,-1,-1,-1,-1,"20210614",nan,"0","p01","KJG","0",nan,"A01"
1,2,"file:/Volumes/mzamanian/ImageXpress/raw/20210614-p01-KJG_670/TimePoint_1/20210614-p01-KJG_A02_w2.TIF","file:/Volumes/mzamanian/ImageXpress/raw/20210614-p01-KJG_670/TimePoint_1/20210614-p01-KJG_A02_w1.TIF","file:/Volumes/mzamanian/ImageXpress/raw/20210614-p01-KJG_670/TimePoint_1/20210614-p01-KJG_A02_w3.TIF","file:/Users/kendra/Desktop/wormBox/well_mask.png","/Volumes/mzamanian/ImageXpress/raw/20210614-p01-KJG_670/TimePoint_1","/Volumes/mzamanian/ImageXpress/raw/20210614-p01-KJG_670/TimePoint_1","/Volumes/mzamanian/ImageXpress/raw/20210614-p01-KJG_670/TimePoint_1","/Users/kendra/Desktop/wormBox","20210614-p01-KJG_A02_w2.TIF","20210614-p01-KJG_A02_w1.TIF","20210614-p01-KJG_A02_w3.TIF","well_mask.png",0,0,0,0,0,0,0,0,-1,-1,-1,-1,"20210614",nan,"0","p01","KJG","0",nan,"A02"
1,3,"file:/Volumes/mzamanian/ImageXpress/raw/20210614-p01-KJG_670/TimePoint_1/20210614-p01-KJG_A03_w2.TIF","file:/Volumes/mzamanian/ImageXpress/raw/20210614-p01-KJG_670/TimePoint_1/20210614-p01-KJG_A03_w1.TIF","file:/Volumes/mzamanian/ImageXpress/raw/20210614-p01-KJG_670/TimePoint_1/20210614-p01-KJG_A03_w3.TIF","file:/Users/kendra/Desktop/wormBox/well_mask.png","/Volumes/mzamanian/ImageXpress/raw/20210614-p01-KJG_670/TimePoint_1","/Volumes/mzamanian/ImageXpress/raw/20210614-p01-KJG_670/TimePoint_1","/Volumes/mzamanian/ImageXpress/raw/20210614-p01-KJG_670/TimePoint_1","/Users/kendra/Desktop/wormBox","20210614-p01-KJG_A03_w2.TIF","20210614-p01-KJG_A03_w1.TIF","20210614-p01-KJG_A03_w3.TIF","well_mask.png",0,0,0,0,0,0,0,0,-1,-1,-1,-1,"20210614",nan,"0","p01","KJG","0",nan,"A03"
1,4,"file:/Volumes/mzamanian/ImageXpress/raw/20210614-p01-KJG_670/TimePoint_1/20210614-p01-KJG_A04_w2.TIF","file:/Volumes/mzamanian/ImageXpress/raw/20210614-p01-KJG_670/TimePoint_1/20210614-p01-KJG_A04_w1.TIF","file:/Volumes/mzamanian/ImageXpress/raw/20210614-p01-KJG_670/TimePoint_1/20210614-p01-KJG_A04_w3.TIF","file:/Users/kendra/Desktop/wormBox/well_mask.png","/Volumes/mzamanian/ImageXpress/raw/20210614-p01-KJG_670/TimePoint_1","/Volumes/mzamanian/ImageXpress/raw/20210614-p01-KJG_670/TimePoint_1","/Volumes/mzamanian/ImageXpress/raw/20210614-p01-KJG_670/TimePoint_1","/Users/kendra/Desktop/wormBox","20210614-p01-KJG_A04_w2.TIF","20210614-p01-KJG_A04_w1.TIF","20210614-p01-KJG_A04_w3.TIF","well_mask.png",0,0,0,0,0,0,0,0,-1,-1,-1,-1,"20210614",nan,"0","p01","KJG","0",nan,"A04"
1,5,"file:/Volumes/mzamanian/ImageXpress/raw/20210614-p01-KJG_670/TimePoint_1/20210614-p01-KJG_A05_w2.TIF","file:/Volumes/mzamanian/ImageXpress/raw/20210614-p01-KJG_670/TimePoint_1/20210614-p01-KJG_A05_w1.TIF","file:/Volumes/mzamanian/ImageXpress/raw/20210614-p01-KJG_670/TimePoint_1/20210614-p01-KJG_A05_w3.TIF","file:/Users/kendra/Desktop/wormBox/well_mask.png","/Volumes/mzamanian/ImageXpress/raw/20210614-p01-KJG_670/TimePoint_1","/Volumes/mzamanian/ImageXpress/raw/20210614-p01-KJG_670/TimePoint_1","/Volumes/mzamanian/ImageXpress/raw/20210614-p01-KJG_670/TimePoint_1","/Users/kendra/Desktop/wormBox","20210614-p01-KJG_A05_w2.TIF","20210614-p01-KJG_A05_w1.TIF","20210614-p01-KJG_A05_w3.TIF","well_mask.png",0,0,0,0,0,0,0,0,-1,-1,-1,-1,"20210614",nan,"0","p01","KJG","0",nan,"A05"
1,6,"file:/Volumes/mzamanian/ImageXpress/raw/20210614-p01-KJG_670/TimePoint_1/20210614-p01-KJG_A06_w2.TIF","file:/Volumes/mzamanian/ImageXpress/raw/20210614-p01-KJG_670/TimePoint_1/20210614-p01-KJG_A06_w1.TIF","file:/Volumes/mzamanian/ImageXpress/raw/20210614-p01-KJG_670/TimePoint_1/20210614-p01-KJG_A06_w3.TIF","file:/Users/kendra/Desktop/wormBox/well_mask.png","/Volumes/mzamanian/ImageXpress/raw/20210614-p01-KJG_670/TimePoint_1","/Volumes/mzamanian/ImageXpress/raw/20210614-p01-KJG_670/TimePoint_1","/Volumes/mzamanian/ImageXpress/raw/20210614-p01-KJG_670/TimePoint_1","/Users/kendra/Desktop/wormBox","20210614-p01-KJG_A06_w2.TIF","20210614-p01-KJG_A06_w1.TIF","20210614-p01-KJG_A06_w3.TIF","well_mask.png",0,0,0,0,0,0,0,0,-1,-1,-1,-1,"20210614",nan,"0","p01","KJG","0",nan,"A06"
1,7,"file:/Volumes/mzamanian/ImageXpress/raw/20210614-p01-KJG_670/TimePoint_1/20210614-p01-KJG_A07_w2.TIF","file:/Volumes/mzamanian/ImageXpress/raw/20210614-p01-KJG_670/TimePoint_1/20210614-p01-KJG_A07_w1.TIF","file:/Volumes/mzamanian/ImageXpress/raw/20210614-p01-KJG_670/TimePoint_1/20210614-p01-KJG_A07_w3.TIF","file:/Users/kendra/Desktop/wormBox/well_mask.png","/Volumes/mzamanian/ImageXpress/raw/20210614-p01-KJG_670/TimePoint_1","/Volumes/mzamanian/ImageXpress/raw/20210614-p01-KJG_670/TimePoint_1","/Volumes/mzamanian/ImageXpress/raw/20210614-p01-KJG_670/TimePoint_1","/Users/kendra/Desktop/wormBox","20210614-p01-KJG_A07_w2.TIF","20210614-p01-KJG_A07_w1.TIF","20210614-p01-KJG_A07_w3.TIF","well_mask.png",0,0,0,0,0,0,0,0,-1,-1,-1,-1,"20210614",nan,"0","p01","KJG","0",nan,"A07"
1,8,"file:/Volumes/mzamanian/ImageXpress/raw/20210614-p01-KJG_670/TimePoint_1/20210614-p01-KJG_A08_w2.TIF","file:/Volumes/mzamanian/ImageXpress/raw/20210614-p01-KJG_670/TimePoint_1/20210614-p01-KJG_A08_w1.TIF","file:/Volumes/mzamanian/ImageXpress/raw/20210614-p01-KJG_670/TimePoint_1/20210614-p01-KJG_A08_w3.TIF","file:/Users/kendra/Desktop/wormBox/well_mask.png","/Volumes/mzamanian/ImageXpress/raw/20210614-p01-KJG_670/TimePoint_1","/Volumes/mzamanian/ImageXpress/raw/20210614-p01-KJG_670/TimePoint_1","/Volumes/mzamanian/ImageXpress/raw/20210614-p01-KJG_670/TimePoint_1","/Users/kendra/Desktop/wormBox","20210614-p01-KJG_A08_w2.TIF","20210614-p01-KJG_A08_w1.TIF","20210614-p01-KJG_A08_w3.TIF","well_mask.png",0,0,0,0,0,0,0,0,-1,-1,-1,-1,"20210614",nan,"0","p01","KJG","0",nan,"A08"
1,9,"file:/Volumes/mzamanian/ImageXpress/raw/20210614-p01-KJG_670/TimePoint_1/20210614-p01-KJG_A09_w2.TIF","file:/Volumes/mzamanian/ImageXpress/raw/20210614-p01-KJG_670/TimePoint_1/20210614-p01-KJG_A09_w1.TIF","file:/Volumes/mzamanian/ImageXpress/raw/20210614-p01-KJG_670/TimePoint_1/20210614-p01-KJG_A09_w3.TIF","file:/Users/kendra/Desktop/wormBox/well_mask.png","/Volumes/mzamanian/ImageXpress/raw/20210614-p01-KJG_670/TimePoint_1","/Volumes/mzamanian/ImageXpress/raw/20210614-p01-KJG_670/TimePoint_1","/Volumes/mzamanian/ImageXpress/raw/20210614-p01-KJG_670/TimePoint_1","/Users/kendra/Desktop/wormBox","20210614-p01-KJG_A09_w2.TIF","20210614-p01-KJG_A09_w1.TIF","20210614-p01-KJG_A09_w3.TIF","well_mask.png",0,0,0,0,0,0,0,0,-1,-1,-1,-1,"20210614",nan,"0","p01","KJG","0",nan,"A09"
1,10,"file:/Volumes/mzamanian/ImageXpress/raw/20210614-p01-KJG_670/TimePoint_1/20210614-p01-KJG_A10_w2.TIF","file:/Volumes/mzamanian/ImageXpress/raw/20210614-p01-KJG_670/TimePoint_1/20210614-p01-KJG_A10_w1.TIF","file:/Volumes/mzamanian/ImageXpress/raw/20210614-p01-KJG_670/TimePoint_1/20210614-p01-KJG_A10_w3.TIF","file:/Users/kendra/Desktop/wormBox/well_mask.png","/Volumes/mzamanian/ImageXpress/raw/20210614-p01-KJG_670/TimePoint_1","/Volumes/mzamanian/ImageXpress/raw/20210614-p01-KJG_670/TimePoint_1","/Volumes/mzamanian/ImageXpress/raw/20210614-p01-KJG_670/TimePoint_1","/Users/kendra/Desktop/wormBox","20210614-p01-KJG_A10_w2.TIF","20210614-p01-KJG_A10_w1.TIF","20210614-p01-KJG_A10_w3.TIF","well_mask.png",0,0,0,0,0,0,0,0,-1,-1,-1,-1,"20210614",nan,"0","p01","KJG","0",nan,"A10"
1,11,"file:/Volumes/mzamanian/ImageXpress/raw/20210614-p01-KJG_670/TimePoint_1/20210614-p01-KJG_A11_w2.TIF","file:/Volumes/mzamanian/ImageXpress/raw/20210614-p01-KJG_670/TimePoint_1/20210614-p01-KJG_A11_w1.TIF","file:/Volumes/mzamanian/ImageXpress/raw/20210614-p01-KJG_670/TimePoint_1/20210614-p01-KJG_A11_w3.TIF","file:/Users/kendra/Desktop/wormBox/well_mask.png","/Volumes/mzamanian/ImageXpress/raw/20210614-p01-KJG_670/TimePoint_1","/Volumes/mzamanian/ImageXpress/raw/20210614-p01-KJG_670/TimePoint_1","/Volumes/mzamanian/ImageXpress/raw/20210614-p01-KJG_670/TimePoint_1","/Users/kendra/Desktop/wormBox","20210614-p01-KJG_A11_w2.TIF","20210614-p01-KJG_A11_w1.TIF","20210614-p01-KJG_A11_w3.TIF","well_mask.png",0,0,0,0,0,0,0,0,-1,-1,-1,-1,"20210614",nan,"0","p01","KJG","0",nan,"A11"
1,12,"file:/Volumes/mzamanian/ImageXpress/raw/20210614-p01-KJG_670/TimePoint_1/20210614-p01-KJG_A12_w2.TIF","file:/Volumes/mzamanian/ImageXpress/raw/20210614-p01-KJG_670/TimePoint_1/20210614-p01-KJG_A12_w1.TIF","file:/Volumes/mzamanian/ImageXpress/raw/20210614-p01-KJG_670/TimePoint_1/20210614-p01-KJG_A12_w3.TIF","file:/Users/kendra/Desktop/wormBox/well_mask.png","/Volumes/mzamanian/ImageXpress/raw/20210614-p01-KJG_670/TimePoint_1","/Volumes/mzamanian/ImageXpress/raw/20210614-p01-KJG_670/TimePoint_1","/Volumes/mzamanian/ImageXpress/raw/20210614-p01-KJG_670/TimePoint_1","/Users/kendra/Desktop/wormBox","20210614-p01-KJG_A12_w2.TIF","20210614-p01-KJG_A12_w1.TIF","20210614-p01-KJG_A12_w3.TIF","well_mask.png",0,0,0,0,0,0,0,0,-1,-1,-1,-1,"20210614",nan,"0","p01","KJG","0",nan,"A12"
1,13,"file:/Volumes/mzamanian/ImageXpress/raw/20210614-p01-KJG_670/TimePoint_1/20210614-p01-KJG_B01_w2.TIF","file:/Volumes/mzamanian/ImageXpress/raw/20210614-p01-KJG_670/TimePoint_1/20210614-p01-KJG_B01_w1.TIF","file:/Volumes/mzamanian/ImageXpress/raw/20210614-p01-KJG_670/TimePoint_1/20210614-p01-KJG_B01_w3.TIF","file:/Users/kendra/Desktop/wormBox/well_mask.png","/Volumes/mzamanian/ImageXpress/raw/20210614-p01-KJG_670/TimePoint_1","/Volumes/mzamanian/ImageXpress/raw/20210614-p01-KJG_670/TimePoint_1","/Volumes/mzamanian/ImageXpress/raw/20210614-p01-KJG_670/TimePoint_1","/Users/kendra/Desktop/wormBox","20210614-p01-KJG_B01_w2.TIF","20210614-p01-KJG_B01_w1.TIF","20210614-p01-KJG_B01_w3.TIF","well_mask.png",0,0,0,0,0,0,0,0,-1,-1,-1,-1,"20210614",nan,"0","p01","KJG","0",nan,"B01"
1,14,"file:/Volumes/mzamanian/ImageXpress/raw/20210614-p01-KJG_670/TimePoint_1/20210614-p01-KJG_B02_w2.TIF","file:/Volumes/mzamanian/ImageXpress/raw/20210614-p01-KJG_670/TimePoint_1/20210614-p01-KJG_B02_w1.TIF","file:/Volumes/mzamanian/ImageXpress/raw/20210614-p01-KJG_670/TimePoint_1/20210614-p01-KJG_B02_w3.TIF","file:/Users/kendra/Desktop/wormBox/well_mask.png","/Volumes/mzamanian/ImageXpress/raw/20210614-p01-KJG_670/TimePoint_1","/Volumes/mzamanian/ImageXpress/raw/20210614-p01-KJG_670/TimePoint_1","/Volumes/mzamanian/ImageXpress/raw/20210614-p01-KJG_670/TimePoint_1","/Users/kendra/Desktop/wormBox","20210614-p01-KJG_B02_w2.TIF","20210614-p01-KJG_B02_w1.TIF","20210614-p01-KJG_B02_w3.TIF","well_mask.png",0,0,0,0,0,0,0,0,-1,-1,-1,-1,"20210614",nan,"0","p01","KJG","0",nan,"B02"
1,15,"file:/Volumes/mzamanian/ImageXpress/raw/20210614-p01-KJG_670/TimePoint_1/20210614-p01-KJG_B03_w2.TIF","file:/Volumes/mzamanian/ImageXpress/raw/20210614-p01-KJG_670/TimePoint_1/20210614-p01-KJG_B03_w1.TIF","file:/Volumes/mzamanian/ImageXpress/raw/20210614-p01-KJG_670/TimePoint_1/20210614-p01-KJG_B03_w3.TIF","file:/Users/kendra/Desktop/wormBox/well_mask.png","/Volumes/mzamanian/ImageXpress/raw/20210614-p01-KJG_670/TimePoint_1","/Volumes/mzamanian/ImageXpress/raw/20210614-p01-KJG_670/TimePoint_1","/Volumes/mzamanian/ImageXpress/raw/20210614-p01-KJG_670/TimePoint_1","/Users/kendra/Desktop/wormBox","20210614-p01-KJG_B03_w2.TIF","20210614-p01-KJG_B03_w1.TIF","20210614-p01-KJG_B03_w3.TIF","well_mask.png",0,0,0,0,0,0,0,0,-1,-1,-1,-1,"20210614",nan,"0","p01","KJG","0",nan,"B03"
1,16,"file:/Volumes/mzamanian/ImageXpress/raw/20210614-p01-KJG_670/TimePoint_1/20210614-p01-KJG_B04_w2.TIF","file:/Volumes/mzamanian/ImageXpress/raw/20210614-p01-KJG_670/TimePoint_1/20210614-p01-KJG_B04_w1.TIF","file:/Volumes/mzamanian/ImageXpress/raw/20210614-p01-KJG_670/TimePoint_1/20210614-p01-KJG_B04_w3.TIF","file:/Users/kendra/Desktop/wormBox/well_mask.png","/Volumes/mzamanian/ImageXpress/raw/20210614-p01-KJG_670/TimePoint_1","/Volumes/mzamanian/ImageXpress/raw/20210614-p01-KJG_670/TimePoint_1","/Volumes/mzamanian/ImageXpress/raw/20210614-p01-KJG_670/TimePoint_1","/Users/kendra/Desktop/wormBox","20210614-p01-KJG_B04_w2.TIF","20210614-p01-KJG_B04_w1.TIF","20210614-p01-KJG_B04_w3.TIF","well_mask.png",0,0,0,0,0,0,0,0,-1,-1,-1,-1,"20210614",nan,"0","p01","KJG","0",nan,"B04"
1,17,"file:/Volumes/mzamanian/ImageXpress/raw/20210614-p01-KJG_670/TimePoint_1/20210614-p01-KJG_B05_w2.TIF","file:/Volumes/mzamanian/ImageXpress/raw/20210614-p01-KJG_670/TimePoint_1/20210614-p01-KJG_B05_w1.TIF","file:/Volumes/mzamanian/ImageXpress/raw/20210614-p01-KJG_670/TimePoint_1/20210614-p01-KJG_B05_w3.TIF","file:/Users/kendra/Desktop/wormBox/well_mask.png","/Volumes/mzamanian/ImageXpress/raw/20210614-p01-KJG_670/TimePoint_1","/Volumes/mzamanian/ImageXpress/raw/20210614-p01-KJG_670/TimePoint_1","/Volumes/mzamanian/ImageXpress/raw/20210614-p01-KJG_670/TimePoint_1","/Users/kendra/Desktop/wormBox","20210614-p01-KJG_B05_w2.TIF","20210614-p01-KJG_B05_w1.TIF","20210614-p01-KJG_B05_w3.TIF","well_mask.png",0,0,0,0,0,0,0,0,-1,-1,-1,-1,"20210614",nan,"0","p01","KJG","0",nan,"B05"
1,18,"file:/Volumes/mzamanian/ImageXpress/raw/20210614-p01-KJG_670/TimePoint_1/20210614-p01-KJG_B06_w2.TIF","file:/Volumes/mzamanian/ImageXpress/raw/20210614-p01-KJG_670/TimePoint_1/20210614-p01-KJG_B06_w1.TIF","file:/Volumes/mzamanian/ImageXpress/raw/20210614-p01-KJG_670/TimePoint_1/20210614-p01-KJG_B06_w3.TIF","file:/Users/kendra/Desktop/wormBox/well_mask.png","/Volumes/mzamanian/ImageXpress/raw/20210614-p01-KJG_670/TimePoint_1","/Volumes/mzamanian/ImageXpress/raw/20210614-p01-KJG_670/TimePoint_1","/Volumes/mzamanian/ImageXpress/raw/20210614-p01-KJG_670/TimePoint_1","/Users/kendra/Desktop/wormBox","20210614-p01-KJG_B06_w2.TIF","20210614-p01-KJG_B06_w1.TIF","20210614-p01-KJG_B06_w3.TIF","well_mask.png",0,0,0,0,0,0,0,0,-1,-1,-1,-1,"20210614",nan,"0","p01","KJG","0",nan,"B06"
1,19,"file:/Volumes/mzamanian/ImageXpress/raw/20210614-p01-KJG_670/TimePoint_1/20210614-p01-KJG_B07_w2.TIF","file:/Volumes/mzamanian/ImageXpress/raw/20210614-p01-KJG_670/TimePoint_1/20210614-p01-KJG_B07_w1.TIF","file:/Volumes/mzamanian/ImageXpress/raw/20210614-p01-KJG_670/TimePoint_1/20210614-p01-KJG_B07_w3.TIF","file:/Users/kendra/Desktop/wormBox/well_mask.png","/Volumes/mzamanian/ImageXpress/raw/20210614-p01-KJG_670/TimePoint_1","/Volumes/mzamanian/ImageXpress/raw/20210614-p01-KJG_670/TimePoint_1","/Volumes/mzamanian/ImageXpress/raw/20210614-p01-KJG_670/TimePoint_1","/Users/kendra/Desktop/wormBox","20210614-p01-KJG_B07_w2.TIF","20210614-p01-KJG_B07_w1.TIF","20210614-p01-KJG_B07_w3.TIF","well_mask.png",0,0,0,0,0,0,0,0,-1,-1,-1,-1,"20210614",nan,"0","p01","KJG","0",nan,"B07"
1,20,"file:/Volumes/mzamanian/ImageXpress/raw/20210614-p01-KJG_670/TimePoint_1/20210614-p01-KJG_B08_w2.TIF","file:/Volumes/mzamanian/ImageXpress/raw/20210614-p01-KJG_670/TimePoint_1/20210614-p01-KJG_B08_w1.TIF","file:/Volumes/mzamanian/ImageXpress/raw/20210614-p01-KJG_670/TimePoint_1/20210614-p01-KJG_B08_w3.TIF","file:/Users/kendra/Desktop/wormBox/well_mask.png","/Volumes/mzamanian/ImageXpress/raw/20210614-p01-KJG_670/TimePoint_1","/Volumes/mzamanian/ImageXpress/raw/20210614-p01-KJG_670/TimePoint_1","/Volumes/mzamanian/ImageXpress/raw/20210614-p01-KJG_670/TimePoint_1","/Users/kendra/Desktop/wormBox","20210614-p01-KJG_B08_w2.TIF","20210614-p01-KJG_B08_w1.TIF","20210614-p01-KJG_B08_w3.TIF","well_mask.png",0,0,0,0,0,0,0,0,-1,-1,-1,-1,"20210614",nan,"0","p01","KJG","0",nan,"B08"
1,21,"file:/Volumes/mzamanian/ImageXpress/raw/20210614-p01-KJG_670/TimePoint_1/20210614-p01-KJG_B09_w2.TIF","file:/Volumes/mzamanian/ImageXpress/raw/20210614-p01-KJG_670/TimePoint_1/20210614-p01-KJG_B09_w1.TIF","file:/Volumes/mzamanian/ImageXpress/raw/20210614-p01-KJG_670/TimePoint_1/20210614-p01-KJG_B09_w3.TIF","file:/Users/kendra/Desktop/wormBox/well_mask.png","/Volumes/mzamanian/ImageXpress/raw/20210614-p01-KJG_670/TimePoint_1","/Volumes/mzamanian/ImageXpress/raw/20210614-p01-KJG_670/TimePoint_1","/Volumes/mzamanian/ImageXpress/raw/20210614-p01-KJG_670/TimePoint_1","/Users/kendra/Desktop/wormBox","20210614-p01-KJG_B09_w2.TIF","20210614-p01-KJG_B09_w1.TIF","20210614-p01-KJG_B09_w3.TIF","well_mask.png",0,0,0,0,0,0,0,0,-1,-1,-1,-1,"20210614",nan,"0","p01","KJG","0",nan,"B09"
1,22,"file:/Volumes/mzamanian/ImageXpress/raw/20210614-p01-KJG_670/TimePoint_1/20210614-p01-KJG_B10_w2.TIF","file:/Volumes/mzamanian/ImageXpress/raw/20210614-p01-KJG_670/TimePoint_1/20210614-p01-KJG_B10_w1.TIF","file:/Volumes/mzamanian/ImageXpress/raw/20210614-p01-KJG_670/TimePoint_1/20210614-p01-KJG_B10_w3.TIF","file:/Users/kendra/Desktop/wormBox/well_mask.png","/Volumes/mzamanian/ImageXpress/raw/20210614-p01-KJG_670/TimePoint_1","/Volumes/mzamanian/ImageXpress/raw/20210614-p01-KJG_670/TimePoint_1","/Volumes/mzamanian/ImageXpress/raw/20210614-p01-KJG_670/TimePoint_1","/Users/kendra/Desktop/wormBox","20210614-p01-KJG_B10_w2.TIF","20210614-p01-KJG_B10_w1.TIF","20210614-p01-KJG_B10_w3.TIF","well_mask.png",0,0,0,0,0,0,0,0,-1,-1,-1,-1,"20210614",nan,"0","p01","KJG","0",nan,"B10"
1,23,"file:/Volumes/mzamanian/ImageXpress/raw/20210614-p01-KJG_670/TimePoint_1/20210614-p01-KJG_B11_w2.TIF","file:/Volumes/mzamanian/ImageXpress/raw/20210614-p01-KJG_670/TimePoint_1/20210614-p01-KJG_B11_w1.TIF","file:/Volumes/mzamanian/ImageXpress/raw/20210614-p01-KJG_670/TimePoint_1/20210614-p01-KJG_B11_w3.TIF","file:/Users/kendra/Desktop/wormBox/well_mask.png","/Volumes/mzamanian/ImageXpress/raw/20210614-p01-KJG_670/TimePoint_1","/Volumes/mzamanian/ImageXpress/raw/20210614-p01-KJG_670/TimePoint_1","/Volumes/mzamanian/ImageXpress/raw/20210614-p01-KJG_670/TimePoint_1","/Users/kendra/Desktop/wormBox","20210614-p01-KJG_B11_w2.TIF","20210614-p01-KJG_B11_w1.TIF","20210614-p01-KJG_B11_w3.TIF","well_mask.png",0,0,0,0,0,0,0,0,-1,-1,-1,-1,"20210614",nan,"0","p01","KJG","0",nan,"B11"
1,24,"file:/Volumes/mzamanian/ImageXpress/raw/20210614-p01-KJG_670/TimePoint_1/20210614-p01-KJG_B12_w2.TIF","file:/Volumes/mzamanian/ImageXpress/raw/20210614-p01-KJG_670/TimePoint_1/20210614-p01-KJG_B12_w1.TIF","file:/Volumes/mzamanian/ImageXpress/raw/20210614-p01-KJG_670/TimePoint_1/20210614-p01-KJG_B12_w3.TIF","file:/Users/kendra/Desktop/wormBox/well_mask.png","/Volumes/mzamanian/ImageXpress/raw/20210614-p01-KJG_670/TimePoint_1","/Volumes/mzamanian/ImageXpress/raw/20210614-p01-KJG_670/TimePoint_1","/Volumes/mzamanian/ImageXpress/raw/20210614-p01-KJG_670/TimePoint_1","/Users/kendra/Desktop/wormBox","20210614-p01-KJG_B12_w2.TIF","20210614-p01-KJG_B12_w1.TIF","20210614-p01-KJG_B12_w3.TIF","well_mask.png",0,0,0,0,0,0,0,0,-1,-1,-1,-1,"20210614",nan,"0","p01","KJG","0",nan,"B12"
1,25,"file:/Volumes/mzamanian/ImageXpress/raw/20210614-p01-KJG_670/TimePoint_1/20210614-p01-KJG_C01_w2.TIF","file:/Volumes/mzamanian/ImageXpress/raw/20210614-p01-KJG_670/TimePoint_1/20210614-p01-KJG_C01_w1.TIF","file:/Volumes/mzamanian/ImageXpress/raw/20210614-p01-KJG_670/TimePoint_1/20210614-p01-KJG_C01_w3.TIF","file:/Users/kendra/Desktop/wormBox/well_mask.png","/Volumes/mzamanian/ImageXpress/raw/20210614-p01-KJG_670/TimePoint_1","/Volumes/mzamanian/ImageXpress/raw/20210614-p01-KJG_670/TimePoint_1","/Volumes/mzamanian/ImageXpress/raw/20210614-p01-KJG_670/TimePoint_1","/Users/kendra/Desktop/wormBox","20210614-p01-KJG_C01_w2.TIF","20210614-p01-KJG_C01_w1.TIF","20210614-p01-KJG_C01_w3.TIF","well_mask.png",0,0,0,0,0,0,0,0,-1,-1,-1,-1,"20210614",nan,"0","p01","KJG","0",nan,"C01"
1,26,"file:/Volumes/mzamanian/ImageXpress/raw/20210614-p01-KJG_670/TimePoint_1/20210614-p01-KJG_C02_w2.TIF","file:/Volumes/mzamanian/ImageXpress/raw/20210614-p01-KJG_670/TimePoint_1/20210614-p01-KJG_C02_w1.TIF","file:/Volumes/mzamanian/ImageXpress/raw/20210614-p01-KJG_670/TimePoint_1/20210614-p01-KJG_C02_w3.TIF","file:/Users/kendra/Desktop/wormBox/well_mask.png","/Volumes/mzamanian/ImageXpress/raw/20210614-p01-KJG_670/TimePoint_1","/Volumes/mzamanian/ImageXpress/raw/20210614-p01-KJG_670/TimePoint_1","/Volumes/mzamanian/ImageXpress/raw/20210614-p01-KJG_670/TimePoint_1","/Users/kendra/Desktop/wormBox","20210614-p01-KJG_C02_w2.TIF","20210614-p01-KJG_C02_w1.TIF","20210614-p01-KJG_C02_w3.TIF","well_mask.png",0,0,0,0,0,0,0,0,-1,-1,-1,-1,"20210614",nan,"0","p01","KJG","0",nan,"C02"
1,27,"file:/Volumes/mzamanian/ImageXpress/raw/20210614-p01-KJG_670/TimePoint_1/20210614-p01-KJG_C03_w2.TIF","file:/Volumes/mzamanian/ImageXpress/raw/20210614-p01-KJG_670/TimePoint_1/20210614-p01-KJG_C03_w1.TIF","file:/Volumes/mzamanian/ImageXpress/raw/20210614-p01-KJG_670/TimePoint_1/20210614-p01-KJG_C03_w3.TIF","file:/Users/kendra/Desktop/wormBox/well_mask.png","/Volumes/mzamanian/ImageXpress/raw/20210614-p01-KJG_670/TimePoint_1","/Volumes/mzamanian/ImageXpress/raw/20210614-p01-KJG_670/TimePoint_1","/Volumes/mzamanian/ImageXpress/raw/20210614-p01-KJG_670/TimePoint_1","/Users/kendra/Desktop/wormBox","20210614-p01-KJG_C03_w2.TIF","20210614-p01-KJG_C03_w1.TIF","20210614-p01-KJG_C03_w3.TIF","well_mask.png",0,0,0,0,0,0,0,0,-1,-1,-1,-1,"20210614",nan,"0","p01","KJG","0",nan,"C03"
1,28,"file:/Volumes/mzamanian/ImageXpress/raw/20210614-p01-KJG_670/TimePoint_1/20210614-p01-KJG_C04_w2.TIF","file:/Volumes/mzamanian/ImageXpress/raw/20210614-p01-KJG_670/TimePoint_1/20210614-p01-KJG_C04_w1.TIF","file:/Volumes/mzamanian/ImageXpress/raw/20210614-p01-KJG_670/TimePoint_1/20210614-p01-KJG_C04_w3.TIF","file:/Users/kendra/Desktop/wormBox/well_mask.png","/Volumes/mzamanian/ImageXpress/raw/20210614-p01-KJG_670/TimePoint_1","/Volumes/mzamanian/ImageXpress/raw/20210614-p01-KJG_670/TimePoint_1","/Volumes/mzamanian/ImageXpress/raw/20210614-p01-KJG_670/TimePoint_1","/Users/kendra/Desktop/wormBox","20210614-p01-KJG_C04_w2.TIF","20210614-p01-KJG_C04_w1.TIF","20210614-p01-KJG_C04_w3.TIF","well_mask.png",0,0,0,0,0,0,0,0,-1,-1,-1,-1,"20210614",nan,"0","p01","KJG","0",nan,"C04"
1,29,"file:/Volumes/mzamanian/ImageXpress/raw/20210614-p01-KJG_670/TimePoint_1/20210614-p01-KJG_C05_w2.TIF","file:/Volumes/mzamanian/ImageXpress/raw/20210614-p01-KJG_670/TimePoint_1/20210614-p01-KJG_C05_w1.TIF","file:/Volumes/mzamanian/ImageXpress/raw/20210614-p01-KJG_670/TimePoint_1/20210614-p01-KJG_C05_w3.TIF","file:/Users/kendra/Desktop/wormBox/well_mask.png","/Volumes/mzamanian/ImageXpress/raw/20210614-p01-KJG_670/TimePoint_1","/Volumes/mzamanian/ImageXpress/raw/20210614-p01-KJG_670/TimePoint_1","/Volumes/mzamanian/ImageXpress/raw/20210614-p01-KJG_670/TimePoint_1","/Users/kendra/Desktop/wormBox","20210614-p01-KJG_C05_w2.TIF","20210614-p01-KJG_C05_w1.TIF","20210614-p01-KJG_C05_w3.TIF","well_mask.png",0,0,0,0,0,0,0,0,-1,-1,-1,-1,"20210614",nan,"0","p01","KJG","0",nan,"C05"
1,30,"file:/Volumes/mzamanian/ImageXpress/raw/20210614-p01-KJG_670/TimePoint_1/20210614-p01-KJG_C06_w2.TIF","file:/Volumes/mzamanian/ImageXpress/raw/20210614-p01-KJG_670/TimePoint_1/20210614-p01-KJG_C06_w1.TIF","file:/Volumes/mzamanian/ImageXpress/raw/20210614-p01-KJG_670/TimePoint_1/20210614-p01-KJG_C06_w3.TIF","file:/Users/kendra/Desktop/wormBox/well_mask.png","/Volumes/mzamanian/ImageXpress/raw/20210614-p01-KJG_670/TimePoint_1","/Volumes/mzamanian/ImageXpress/raw/20210614-p01-KJG_670/TimePoint_1","/Volumes/mzamanian/ImageXpress/raw/20210614-p01-KJG_670/TimePoint_1","/Users/kendra/Desktop/wormBox","20210614-p01-KJG_C06_w2.TIF","20210614-p01-KJG_C06_w1.TIF","20210614-p01-KJG_C06_w3.TIF","well_mask.png",0,0,0,0,0,0,0,0,-1,-1,-1,-1,"20210614",nan,"0","p01","KJG","0",nan,"C06"
1,31,"file:/Volumes/mzamanian/ImageXpress/raw/20210614-p01-KJG_670/TimePoint_1/20210614-p01-KJG_C07_w2.TIF","file:/Volumes/mzamanian/ImageXpress/raw/20210614-p01-KJG_670/TimePoint_1/20210614-p01-KJG_C07_w1.TIF","file:/Volumes/mzamanian/ImageXpress/raw/20210614-p01-KJG_670/TimePoint_1/20210614-p01-KJG_C07_w3.TIF","file:/Users/kendra/Desktop/wormBox/well_mask.png","/Volumes/mzamanian/ImageXpress/raw/20210614-p01-KJG_670/TimePoint_1","/Volumes/mzamanian/ImageXpress/raw/20210614-p01-KJG_670/TimePoint_1","/Volumes/mzamanian/ImageXpress/raw/20210614-p01-KJG_670/TimePoint_1","/Users/kendra/Desktop/wormBox","20210614-p01-KJG_C07_w2.TIF","20210614-p01-KJG_C07_w1.TIF","20210614-p01-KJG_C07_w3.TIF","well_mask.png",0,0,0,0,0,0,0,0,-1,-1,-1,-1,"20210614",nan,"0","p01","KJG","0",nan,"C07"
1,32,"file:/Volumes/mzamanian/ImageXpress/raw/20210614-p01-KJG_670/TimePoint_1/20210614-p01-KJG_C08_w2.TIF","file:/Volumes/mzamanian/ImageXpress/raw/20210614-p01-KJG_670/TimePoint_1/20210614-p01-KJG_C08_w1.TIF","file:/Volumes/mzamanian/ImageXpress/raw/20210614-p01-KJG_670/TimePoint_1/20210614-p01-KJG_C08_w3.TIF","file:/Users/kendra/Desktop/wormBox/well_mask.png","/Volumes/mzamanian/ImageXpress/raw/20210614-p01-KJG_670/TimePoint_1","/Volumes/mzamanian/ImageXpress/raw/20210614-p01-KJG_670/TimePoint_1","/Volumes/mzamanian/ImageXpress/raw/20210614-p01-KJG_670/TimePoint_1","/Users/kendra/Desktop/wormBox","20210614-p01-KJG_C08_w2.TIF","20210614-p01-KJG_C08_w1.TIF","20210614-p01-KJG_C08_w3.TIF","well_mask.png",0,0,0,0,0,0,0,0,-1,-1,-1,-1,"20210614",nan,"0","p01","KJG","0",nan,"C08"
1,33,"file:/Volumes/mzamanian/ImageXpress/raw/20210614-p01-KJG_670/TimePoint_1/20210614-p01-KJG_C09_w2.TIF","file:/Volumes/mzamanian/ImageXpress/raw/20210614-p01-KJG_670/TimePoint_1/20210614-p01-KJG_C09_w1.TIF","file:/Volumes/mzamanian/ImageXpress/raw/20210614-p01-KJG_670/TimePoint_1/20210614-p01-KJG_C09_w3.TIF","file:/Users/kendra/Desktop/wormBox/well_mask.png","/Volumes/mzamanian/ImageXpress/raw/20210614-p01-KJG_670/TimePoint_1","/Volumes/mzamanian/ImageXpress/raw/20210614-p01-KJG_670/TimePoint_1","/Volumes/mzamanian/ImageXpress/raw/20210614-p01-KJG_670/TimePoint_1","/Users/kendra/Desktop/wormBox","20210614-p01-KJG_C09_w2.TIF","20210614-p01-KJG_C09_w1.TIF","20210614-p01-KJG_C09_w3.TIF","well_mask.png",0,0,0,0,0,0,0,0,-1,-1,-1,-1,"20210614",nan,"0","p01","KJG","0",nan,"C09"
1,34,"file:/Volumes/mzamanian/ImageXpress/raw/20210614-p01-KJG_670/TimePoint_1/20210614-p01-KJG_C10_w2.TIF","file:/Volumes/mzamanian/ImageXpress/raw/20210614-p01-KJG_670/TimePoint_1/20210614-p01-KJG_C10_w1.TIF","file:/Volumes/mzamanian/ImageXpress/raw/20210614-p01-KJG_670/TimePoint_1/20210614-p01-KJG_C10_w3.TIF","file:/Users/kendra/Desktop/wormBox/well_mask.png","/Volumes/mzamanian/ImageXpress/raw/20210614-p01-KJG_670/TimePoint_1","/Volumes/mzamanian/ImageXpress/raw/20210614-p01-KJG_670/TimePoint_1","/Volumes/mzamanian/ImageXpress/raw/20210614-p01-KJG_670/TimePoint_1","/Users/kendra/Desktop/wormBox","20210614-p01-KJG_C10_w2.TIF","20210614-p01-KJG_C10_w1.TIF","20210614-p01-KJG_C10_w3.TIF","well_mask.png",0,0,0,0,0,0,0,0,-1,-1,-1,-1,"20210614",nan,"0","p01","KJG","0",nan,"C10"
1,35,"file:/Volumes/mzamanian/ImageXpress/raw/20210614-p01-KJG_670/TimePoint_1/20210614-p01-KJG_C11_w2.TIF","file:/Volumes/mzamanian/ImageXpress/raw/20210614-p01-KJG_670/TimePoint_1/20210614-p01-KJG_C11_w1.TIF","file:/Volumes/mzamanian/ImageXpress/raw/20210614-p01-KJG_670/TimePoint_1/20210614-p01-KJG_C11_w3.TIF","file:/Users/kendra/Desktop/wormBox/well_mask.png","/Volumes/mzamanian/ImageXpress/raw/20210614-p01-KJG_670/TimePoint_1","/Volumes/mzamanian/ImageXpress/raw/20210614-p01-KJG_670/TimePoint_1","/Volumes/mzamanian/ImageXpress/raw/20210614-p01-KJG_670/TimePoint_1","/Users/kendra/Desktop/wormBox","20210614-p01-KJG_C11_w2.TIF","20210614-p01-KJG_C11_w1.TIF","20210614-p01-KJG_C11_w3.TIF","well_mask.png",0,0,0,0,0,0,0,0,-1,-1,-1,-1,"20210614",nan,"0","p01","KJG","0",nan,"C11"
1,36,"file:/Volumes/mzamanian/ImageXpress/raw/20210614-p01-KJG_670/TimePoint_1/20210614-p01-KJG_C12_w2.TIF","file:/Volumes/mzamanian/ImageXpress/raw/20210614-p01-KJG_670/TimePoint_1/20210614-p01-KJG_C12_w1.TIF","file:/Volumes/mzamanian/ImageXpress/raw/20210614-p01-KJG_670/TimePoint_1/20210614-p01-KJG_C12_w3.TIF","file:/Users/kendra/Desktop/wormBox/well_mask.png","/Volumes/mzamanian/ImageXpress/raw/20210614-p01-KJG_670/TimePoint_1","/Volumes/mzamanian/ImageXpress/raw/20210614-p01-KJG_670/TimePoint_1","/Volumes/mzamanian/ImageXpress/raw/20210614-p01-KJG_670/TimePoint_1","/Users/kendra/Desktop/wormBox","20210614-p01-KJG_C12_w2.TIF","20210614-p01-KJG_C12_w1.TIF","20210614-p01-KJG_C12_w3.TIF","well_mask.png",0,0,0,0,0,0,0,0,-1,-1,-1,-1,"20210614",nan,"0","p01","KJG","0",nan,"C12"
1,37,"file:/Volumes/mzamanian/ImageXpress/raw/20210614-p01-KJG_670/TimePoint_1/20210614-p01-KJG_D01_w2.TIF","file:/Volumes/mzamanian/ImageXpress/raw/20210614-p01-KJG_670/TimePoint_1/20210614-p01-KJG_D01_w1.TIF","file:/Volumes/mzamanian/ImageXpress/raw/20210614-p01-KJG_670/TimePoint_1/20210614-p01-KJG_D01_w3.TIF","file:/Users/kendra/Desktop/wormBox/well_mask.png","/Volumes/mzamanian/ImageXpress/raw/20210614-p01-KJG_670/TimePoint_1","/Volumes/mzamanian/ImageXpress/raw/20210614-p01-KJG_670/TimePoint_1","/Volumes/mzamanian/ImageXpress/raw/20210614-p01-KJG_670/TimePoint_1","/Users/kendra/Desktop/wormBox","20210614-p01-KJG_D01_w2.TIF","20210614-p01-KJG_D01_w1.TIF","20210614-p01-KJG_D01_w3.TIF","well_mask.png",0,0,0,0,0,0,0,0,-1,-1,-1,-1,"20210614",nan,"0","p01","KJG","0",nan,"D01"
1,38,"file:/Volumes/mzamanian/ImageXpress/raw/20210614-p01-KJG_670/TimePoint_1/20210614-p01-KJG_D02_w2.TIF","file:/Volumes/mzamanian/ImageXpress/raw/20210614-p01-KJG_670/TimePoint_1/20210614-p01-KJG_D02_w1.TIF","file:/Volumes/mzamanian/ImageXpress/raw/20210614-p01-KJG_670/TimePoint_1/20210614-p01-KJG_D02_w3.TIF","file:/Users/kendra/Desktop/wormBox/well_mask.png","/Volumes/mzamanian/ImageXpress/raw/20210614-p01-KJG_670/TimePoint_1","/Volumes/mzamanian/ImageXpress/raw/20210614-p01-KJG_670/TimePoint_1","/Volumes/mzamanian/ImageXpress/raw/20210614-p01-KJG_670/TimePoint_1","/Users/kendra/Desktop/wormBox","20210614-p01-KJG_D02_w2.TIF","20210614-p01-KJG_D02_w1.TIF","20210614-p01-KJG_D02_w3.TIF","well_mask.png",0,0,0,0,0,0,0,0,-1,-1,-1,-1,"20210614",nan,"0","p01","KJG","0",nan,"D02"
1,39,"file:/Volumes/mzamanian/ImageXpress/raw/20210614-p01-KJG_670/TimePoint_1/20210614-p01-KJG_D03_w2.TIF","file:/Volumes/mzamanian/ImageXpress/raw/20210614-p01-KJG_670/TimePoint_1/20210614-p01-KJG_D03_w1.TIF","file:/Volumes/mzamanian/ImageXpress/raw/20210614-p01-KJG_670/TimePoint_1/20210614-p01-KJG_D03_w3.TIF","file:/Users/kendra/Desktop/wormBox/well_mask.png","/Volumes/mzamanian/ImageXpress/raw/20210614-p01-KJG_670/TimePoint_1","/Volumes/mzamanian/ImageXpress/raw/20210614-p01-KJG_670/TimePoint_1","/Volumes/mzamanian/ImageXpress/raw/20210614-p01-KJG_670/TimePoint_1","/Users/kendra/Desktop/wormBox","20210614-p01-KJG_D03_w2.TIF","20210614-p01-KJG_D03_w1.TIF","20210614-p01-KJG_D03_w3.TIF","well_mask.png",0,0,0,0,0,0,0,0,-1,-1,-1,-1,"20210614",nan,"0","p01","KJG","0",nan,"D03"
1,40,"file:/Volumes/mzamanian/ImageXpress/raw/20210614-p01-KJG_670/TimePoint_1/20210614-p01-KJG_D04_w2.TIF","file:/Volumes/mzamanian/ImageXpress/raw/20210614-p01-KJG_670/TimePoint_1/20210614-p01-KJG_D04_w1.TIF","file:/Volumes/mzamanian/ImageXpress/raw/20210614-p01-KJG_670/TimePoint_1/20210614-p01-KJG_D04_w3.TIF","file:/Users/kendra/Desktop/wormBox/well_mask.png","/Volumes/mzamanian/ImageXpress/raw/20210614-p01-KJG_670/TimePoint_1","/Volumes/mzamanian/ImageXpress/raw/20210614-p01-KJG_670/TimePoint_1","/Volumes/mzamanian/ImageXpress/raw/20210614-p01-KJG_670/TimePoint_1","/Users/kendra/Desktop/wormBox","20210614-p01-KJG_D04_w2.TIF","20210614-p01-KJG_D04_w1.TIF","20210614-p01-KJG_D04_w3.TIF","well_mask.png",0,0,0,0,0,0,0,0,-1,-1,-1,-1,"20210614",nan,"0","p01","KJG","0",nan,"D04"
1,41,"file:/Volumes/mzamanian/ImageXpress/raw/20210614-p01-KJG_670/TimePoint_1/20210614-p01-KJG_D05_w2.TIF","file:/Volumes/mzamanian/ImageXpress/raw/20210614-p01-KJG_670/TimePoint_1/20210614-p01-KJG_D05_w1.TIF","file:/Volumes/mzamanian/ImageXpress/raw/20210614-p01-KJG_670/TimePoint_1/20210614-p01-KJG_D05_w3.TIF","file:/Users/kendra/Desktop/wormBox/well_mask.png","/Volumes/mzamanian/ImageXpress/raw/20210614-p01-KJG_670/TimePoint_1","/Volumes/mzamanian/ImageXpress/raw/20210614-p01-KJG_670/TimePoint_1","/Volumes/mzamanian/ImageXpress/raw/20210614-p01-KJG_670/TimePoint_1","/Users/kendra/Desktop/wormBox","20210614-p01-KJG_D05_w2.TIF","20210614-p01-KJG_D05_w1.TIF","20210614-p01-KJG_D05_w3.TIF","well_mask.png",0,0,0,0,0,0,0,0,-1,-1,-1,-1,"20210614",nan,"0","p01","KJG","0",nan,"D05"
1,42,"file:/Volumes/mzamanian/ImageXpress/raw/20210614-p01-KJG_670/TimePoint_1/20210614-p01-KJG_D06_w2.TIF","file:/Volumes/mzamanian/ImageXpress/raw/20210614-p01-KJG_670/TimePoint_1/20210614-p01-KJG_D06_w1.TIF","file:/Volumes/mzamanian/ImageXpress/raw/20210614-p01-KJG_670/TimePoint_1/20210614-p01-KJG_D06_w3.TIF","file:/Users/kendra/Desktop/wormBox/well_mask.png","/Volumes/mzamanian/ImageXpress/raw/20210614-p01-KJG_670/TimePoint_1","/Volumes/mzamanian/ImageXpress/raw/20210614-p01-KJG_670/TimePoint_1","/Volumes/mzamanian/ImageXpress/raw/20210614-p01-KJG_670/TimePoint_1","/Users/kendra/Desktop/wormBox","20210614-p01-KJG_D06_w2.TIF","20210614-p01-KJG_D06_w1.TIF","20210614-p01-KJG_D06_w3.TIF","well_mask.png",0,0,0,0,0,0,0,0,-1,-1,-1,-1,"20210614",nan,"0","p01","KJG","0",nan,"D06"
1,43,"file:/Volumes/mzamanian/ImageXpress/raw/20210614-p01-KJG_670/TimePoint_1/20210614-p01-KJG_D07_w2.TIF","file:/Volumes/mzamanian/ImageXpress/raw/20210614-p01-KJG_670/TimePoint_1/20210614-p01-KJG_D07_w1.TIF","file:/Volumes/mzamanian/ImageXpress/raw/20210614-p01-KJG_670/TimePoint_1/20210614-p01-KJG_D07_w3.TIF","file:/Users/kendra/Desktop/wormBox/well_mask.png","/Volumes/mzamanian/ImageXpress/raw/20210614-p01-KJG_670/TimePoint_1","/Volumes/mzamanian/ImageXpress/raw/20210614-p01-KJG_670/TimePoint_1","/Volumes/mzamanian/ImageXpress/raw/20210614-p01-KJG_670/TimePoint_1","/Users/kendra/Desktop/wormBox","20210614-p01-KJG_D07_w2.TIF","20210614-p01-KJG_D07_w1.TIF","20210614-p01-KJG_D07_w3.TIF","well_mask.png",0,0,0,0,0,0,0,0,-1,-1,-1,-1,"20210614",nan,"0","p01","KJG","0",nan,"D07"
1,44,"file:/Volumes/mzamanian/ImageXpress/raw/20210614-p01-KJG_670/TimePoint_1/20210614-p01-KJG_D08_w2.TIF","file:/Volumes/mzamanian/ImageXpress/raw/20210614-p01-KJG_670/TimePoint_1/20210614-p01-KJG_D08_w1.TIF","file:/Volumes/mzamanian/ImageXpress/raw/20210614-p01-KJG_670/TimePoint_1/20210614-p01-KJG_D08_w3.TIF","file:/Users/kendra/Desktop/wormBox/well_mask.png","/Volumes/mzamanian/ImageXpress/raw/20210614-p01-KJG_670/TimePoint_1","/Volumes/mzamanian/ImageXpress/raw/20210614-p01-KJG_670/TimePoint_1","/Volumes/mzamanian/ImageXpress/raw/20210614-p01-KJG_670/TimePoint_1","/Users/kendra/Desktop/wormBox","20210614-p01-KJG_D08_w2.TIF","20210614-p01-KJG_D08_w1.TIF","20210614-p01-KJG_D08_w3.TIF","well_mask.png",0,0,0,0,0,0,0,0,-1,-1,-1,-1,"20210614",nan,"0","p01","KJG","0",nan,"D08"
1,45,"file:/Volumes/mzamanian/ImageXpress/raw/20210614-p01-KJG_670/TimePoint_1/20210614-p01-KJG_D09_w2.TIF","file:/Volumes/mzamanian/ImageXpress/raw/20210614-p01-KJG_670/TimePoint_1/20210614-p01-KJG_D09_w1.TIF","file:/Volumes/mzamanian/ImageXpress/raw/20210614-p01-KJG_670/TimePoint_1/20210614-p01-KJG_D09_w3.TIF","file:/Users/kendra/Desktop/wormBox/well_mask.png","/Volumes/mzamanian/ImageXpress/raw/20210614-p01-KJG_670/TimePoint_1","/Volumes/mzamanian/ImageXpress/raw/20210614-p01-KJG_670/TimePoint_1","/Volumes/mzamanian/ImageXpress/raw/20210614-p01-KJG_670/TimePoint_1","/Users/kendra/Desktop/wormBox","20210614-p01-KJG_D09_w2.TIF","20210614-p01-KJG_D09_w1.TIF","20210614-p01-KJG_D09_w3.TIF","well_mask.png",0,0,0,0,0,0,0,0,-1,-1,-1,-1,"20210614",nan,"0","p01","KJG","0",nan,"D09"
1,46,"file:/Volumes/mzamanian/ImageXpress/raw/20210614-p01-KJG_670/TimePoint_1/20210614-p01-KJG_D10_w2.TIF","file:/Volumes/mzamanian/ImageXpress/raw/20210614-p01-KJG_670/TimePoint_1/20210614-p01-KJG_D10_w1.TIF","file:/Volumes/mzamanian/ImageXpress/raw/20210614-p01-KJG_670/TimePoint_1/20210614-p01-KJG_D10_w3.TIF","file:/Users/kendra/Desktop/wormBox/well_mask.png","/Volumes/mzamanian/ImageXpress/raw/20210614-p01-KJG_670/TimePoint_1","/Volumes/mzamanian/ImageXpress/raw/20210614-p01-KJG_670/TimePoint_1","/Volumes/mzamanian/ImageXpress/raw/20210614-p01-KJG_670/TimePoint_1","/Users/kendra/Desktop/wormBox","20210614-p01-KJG_D10_w2.TIF","20210614-p01-KJG_D10_w1.TIF","20210614-p01-KJG_D10_w3.TIF","well_mask.png",0,0,0,0,0,0,0,0,-1,-1,-1,-1,"20210614",nan,"0","p01","KJG","0",nan,"D10"
1,47,"file:/Volumes/mzamanian/ImageXpress/raw/20210614-p01-KJG_670/TimePoint_1/20210614-p01-KJG_D11_w2.TIF","file:/Volumes/mzamanian/ImageXpress/raw/20210614-p01-KJG_670/TimePoint_1/20210614-p01-KJG_D11_w1.TIF","file:/Volumes/mzamanian/ImageXpress/raw/20210614-p01-KJG_670/TimePoint_1/20210614-p01-KJG_D11_w3.TIF","file:/Users/kendra/Desktop/wormBox/well_mask.png","/Volumes/mzamanian/ImageXpress/raw/20210614-p01-KJG_670/TimePoint_1","/Volumes/mzamanian/ImageXpress/raw/20210614-p01-KJG_670/TimePoint_1","/Volumes/mzamanian/ImageXpress/raw/20210614-p01-KJG_670/TimePoint_1","/Users/kendra/Desktop/wormBox","20210614-p01-KJG_D11_w2.TIF","20210614-p01-KJG_D11_w1.TIF","20210614-p01-KJG_D11_w3.TIF","well_mask.png",0,0,0,0,0,0,0,0,-1,-1,-1,-1,"20210614",nan,"0","p01","KJG","0",nan,"D11"
1,48,"file:/Volumes/mzamanian/ImageXpress/raw/20210614-p01-KJG_670/TimePoint_1/20210614-p01-KJG_D12_w2.TIF","file:/Volumes/mzamanian/ImageXpress/raw/20210614-p01-KJG_670/TimePoint_1/20210614-p01-KJG_D12_w1.TIF","file:/Volumes/mzamanian/ImageXpress/raw/20210614-p01-KJG_670/TimePoint_1/20210614-p01-KJG_D12_w3.TIF","file:/Users/kendra/Desktop/wormBox/well_mask.png","/Volumes/mzamanian/ImageXpress/raw/20210614-p01-KJG_670/TimePoint_1","/Volumes/mzamanian/ImageXpress/raw/20210614-p01-KJG_670/TimePoint_1","/Volumes/mzamanian/ImageXpress/raw/20210614-p01-KJG_670/TimePoint_1","/Users/kendra/Desktop/wormBox","20210614-p01-KJG_D12_w2.TIF","20210614-p01-KJG_D12_w1.TIF","20210614-p01-KJG_D12_w3.TIF","well_mask.png",0,0,0,0,0,0,0,0,-1,-1,-1,-1,"20210614",nan,"0","p01","KJG","0",nan,"D12"
1,49,"file:/Volumes/mzamanian/ImageXpress/raw/20210614-p01-KJG_670/TimePoint_1/20210614-p01-KJG_E01_w2.TIF","file:/Volumes/mzamanian/ImageXpress/raw/20210614-p01-KJG_670/TimePoint_1/20210614-p01-KJG_E01_w1.TIF","file:/Volumes/mzamanian/ImageXpress/raw/20210614-p01-KJG_670/TimePoint_1/20210614-p01-KJG_E01_w3.TIF","file:/Users/kendra/Desktop/wormBox/well_mask.png","/Volumes/mzamanian/ImageXpress/raw/20210614-p01-KJG_670/TimePoint_1","/Volumes/mzamanian/ImageXpress/raw/20210614-p01-KJG_670/TimePoint_1","/Volumes/mzamanian/ImageXpress/raw/20210614-p01-KJG_670/TimePoint_1","/Users/kendra/Desktop/wormBox","20210614-p01-KJG_E01_w2.TIF","20210614-p01-KJG_E01_w1.TIF","20210614-p01-KJG_E01_w3.TIF","well_mask.png",0,0,0,0,0,0,0,0,-1,-1,-1,-1,"20210614",nan,"0","p01","KJG","0",nan,"E01"
1,50,"file:/Volumes/mzamanian/ImageXpress/raw/20210614-p01-KJG_670/TimePoint_1/20210614-p01-KJG_E02_w2.TIF","file:/Volumes/mzamanian/ImageXpress/raw/20210614-p01-KJG_670/TimePoint_1/20210614-p01-KJG_E02_w1.TIF","file:/Volumes/mzamanian/ImageXpress/raw/20210614-p01-KJG_670/TimePoint_1/20210614-p01-KJG_E02_w3.TIF","file:/Users/kendra/Desktop/wormBox/well_mask.png","/Volumes/mzamanian/ImageXpress/raw/20210614-p01-KJG_670/TimePoint_1","/Volumes/mzamanian/ImageXpress/raw/20210614-p01-KJG_670/TimePoint_1","/Volumes/mzamanian/ImageXpress/raw/20210614-p01-KJG_670/TimePoint_1","/Users/kendra/Desktop/wormBox","20210614-p01-KJG_E02_w2.TIF","20210614-p01-KJG_E02_w1.TIF","20210614-p01-KJG_E02_w3.TIF","well_mask.png",0,0,0,0,0,0,0,0,-1,-1,-1,-1,"20210614",nan,"0","p01","KJG","0",nan,"E02"
1,51,"file:/Volumes/mzamanian/ImageXpress/raw/20210614-p01-KJG_670/TimePoint_1/20210614-p01-KJG_E03_w2.TIF","file:/Volumes/mzamanian/ImageXpress/raw/20210614-p01-KJG_670/TimePoint_1/20210614-p01-KJG_E03_w1.TIF","file:/Volumes/mzamanian/ImageXpress/raw/20210614-p01-KJG_670/TimePoint_1/20210614-p01-KJG_E03_w3.TIF","file:/Users/kendra/Desktop/wormBox/well_mask.png","/Volumes/mzamanian/ImageXpress/raw/20210614-p01-KJG_670/TimePoint_1","/Volumes/mzamanian/ImageXpress/raw/20210614-p01-KJG_670/TimePoint_1","/Volumes/mzamanian/ImageXpress/raw/20210614-p01-KJG_670/TimePoint_1","/Users/kendra/Desktop/wormBox","20210614-p01-KJG_E03_w2.TIF","20210614-p01-KJG_E03_w1.TIF","20210614-p01-KJG_E03_w3.TIF","well_mask.png",0,0,0,0,0,0,0,0,-1,-1,-1,-1,"20210614",nan,"0","p01","KJG","0",nan,"E03"
1,52,"file:/Volumes/mzamanian/ImageXpress/raw/20210614-p01-KJG_670/TimePoint_1/20210614-p01-KJG_E04_w2.TIF","file:/Volumes/mzamanian/ImageXpress/raw/20210614-p01-KJG_670/TimePoint_1/20210614-p01-KJG_E04_w1.TIF","file:/Volumes/mzamanian/ImageXpress/raw/20210614-p01-KJG_670/TimePoint_1/20210614-p01-KJG_E04_w3.TIF","file:/Users/kendra/Desktop/wormBox/well_mask.png","/Volumes/mzamanian/ImageXpress/raw/20210614-p01-KJG_670/TimePoint_1","/Volumes/mzamanian/ImageXpress/raw/20210614-p01-KJG_670/TimePoint_1","/Volumes/mzamanian/ImageXpress/raw/20210614-p01-KJG_670/TimePoint_1","/Users/kendra/Desktop/wormBox","20210614-p01-KJG_E04_w2.TIF","20210614-p01-KJG_E04_w1.TIF","20210614-p01-KJG_E04_w3.TIF","well_mask.png",0,0,0,0,0,0,0,0,-1,-1,-1,-1,"20210614",nan,"0","p01","KJG","0",nan,"E04"
1,53,"file:/Volumes/mzamanian/ImageXpress/raw/20210614-p01-KJG_670/TimePoint_1/20210614-p01-KJG_E05_w2.TIF","file:/Volumes/mzamanian/ImageXpress/raw/20210614-p01-KJG_670/TimePoint_1/20210614-p01-KJG_E05_w1.TIF","file:/Volumes/mzamanian/ImageXpress/raw/20210614-p01-KJG_670/TimePoint_1/20210614-p01-KJG_E05_w3.TIF","file:/Users/kendra/Desktop/wormBox/well_mask.png","/Volumes/mzamanian/ImageXpress/raw/20210614-p01-KJG_670/TimePoint_1","/Volumes/mzamanian/ImageXpress/raw/20210614-p01-KJG_670/TimePoint_1","/Volumes/mzamanian/ImageXpress/raw/20210614-p01-KJG_670/TimePoint_1","/Users/kendra/Desktop/wormBox","20210614-p01-KJG_E05_w2.TIF","20210614-p01-KJG_E05_w1.TIF","20210614-p01-KJG_E05_w3.TIF","well_mask.png",0,0,0,0,0,0,0,0,-1,-1,-1,-1,"20210614",nan,"0","p01","KJG","0",nan,"E05"
1,54,"file:/Volumes/mzamanian/ImageXpress/raw/20210614-p01-KJG_670/TimePoint_1/20210614-p01-KJG_E06_w2.TIF","file:/Volumes/mzamanian/ImageXpress/raw/20210614-p01-KJG_670/TimePoint_1/20210614-p01-KJG_E06_w1.TIF","file:/Volumes/mzamanian/ImageXpress/raw/20210614-p01-KJG_670/TimePoint_1/20210614-p01-KJG_E06_w3.TIF","file:/Users/kendra/Desktop/wormBox/well_mask.png","/Volumes/mzamanian/ImageXpress/raw/20210614-p01-KJG_670/TimePoint_1","/Volumes/mzamanian/ImageXpress/raw/20210614-p01-KJG_670/TimePoint_1","/Volumes/mzamanian/ImageXpress/raw/20210614-p01-KJG_670/TimePoint_1","/Users/kendra/Desktop/wormBox","20210614-p01-KJG_E06_w2.TIF","20210614-p01-KJG_E06_w1.TIF","20210614-p01-KJG_E06_w3.TIF","well_mask.png",0,0,0,0,0,0,0,0,-1,-1,-1,-1,"20210614",nan,"0","p01","KJG","0",nan,"E06"
1,55,"file:/Volumes/mzamanian/ImageXpress/raw/20210614-p01-KJG_670/TimePoint_1/20210614-p01-KJG_E07_w2.TIF","file:/Volumes/mzamanian/ImageXpress/raw/20210614-p01-KJG_670/TimePoint_1/20210614-p01-KJG_E07_w1.TIF","file:/Volumes/mzamanian/ImageXpress/raw/20210614-p01-KJG_670/TimePoint_1/20210614-p01-KJG_E07_w3.TIF","file:/Users/kendra/Desktop/wormBox/well_mask.png","/Volumes/mzamanian/ImageXpress/raw/20210614-p01-KJG_670/TimePoint_1","/Volumes/mzamanian/ImageXpress/raw/20210614-p01-KJG_670/TimePoint_1","/Volumes/mzamanian/ImageXpress/raw/20210614-p01-KJG_670/TimePoint_1","/Users/kendra/Desktop/wormBox","20210614-p01-KJG_E07_w2.TIF","20210614-p01-KJG_E07_w1.TIF","20210614-p01-KJG_E07_w3.TIF","well_mask.png",0,0,0,0,0,0,0,0,-1,-1,-1,-1,"20210614",nan,"0","p01","KJG","0",nan,"E07"
1,56,"file:/Volumes/mzamanian/ImageXpress/raw/20210614-p01-KJG_670/TimePoint_1/20210614-p01-KJG_E08_w2.TIF","file:/Volumes/mzamanian/ImageXpress/raw/20210614-p01-KJG_670/TimePoint_1/20210614-p01-KJG_E08_w1.TIF","file:/Volumes/mzamanian/ImageXpress/raw/20210614-p01-KJG_670/TimePoint_1/20210614-p01-KJG_E08_w3.TIF","file:/Users/kendra/Desktop/wormBox/well_mask.png","/Volumes/mzamanian/ImageXpress/raw/20210614-p01-KJG_670/TimePoint_1","/Volumes/mzamanian/ImageXpress/raw/20210614-p01-KJG_670/TimePoint_1","/Volumes/mzamanian/ImageXpress/raw/20210614-p01-KJG_670/TimePoint_1","/Users/kendra/Desktop/wormBox","20210614-p01-KJG_E08_w2.TIF","20210614-p01-KJG_E08_w1.TIF","20210614-p01-KJG_E08_w3.TIF","well_mask.png",0,0,0,0,0,0,0,0,-1,-1,-1,-1,"20210614",nan,"0","p01","KJG","0",nan,"E08"
1,57,"file:/Volumes/mzamanian/ImageXpress/raw/20210614-p01-KJG_670/TimePoint_1/20210614-p01-KJG_E09_w2.TIF","file:/Volumes/mzamanian/ImageXpress/raw/20210614-p01-KJG_670/TimePoint_1/20210614-p01-KJG_E09_w1.TIF","file:/Volumes/mzamanian/ImageXpress/raw/20210614-p01-KJG_670/TimePoint_1/20210614-p01-KJG_E09_w3.TIF","file:/Users/kendra/Desktop/wormBox/well_mask.png","/Volumes/mzamanian/ImageXpress/raw/20210614-p01-KJG_670/TimePoint_1","/Volumes/mzamanian/ImageXpress/raw/20210614-p01-KJG_670/TimePoint_1","/Volumes/mzamanian/ImageXpress/raw/20210614-p01-KJG_670/TimePoint_1","/Users/kendra/Desktop/wormBox","20210614-p01-KJG_E09_w2.TIF","20210614-p01-KJG_E09_w1.TIF","20210614-p01-KJG_E09_w3.TIF","well_mask.png",0,0,0,0,0,0,0,0,-1,-1,-1,-1,"20210614",nan,"0","p01","KJG","0",nan,"E09"
1,58,"file:/Volumes/mzamanian/ImageXpress/raw/20210614-p01-KJG_670/TimePoint_1/20210614-p01-KJG_E10_w2.TIF","file:/Volumes/mzamanian/ImageXpress/raw/20210614-p01-KJG_670/TimePoint_1/20210614-p01-KJG_E10_w1.TIF","file:/Volumes/mzamanian/ImageXpress/raw/20210614-p01-KJG_670/TimePoint_1/20210614-p01-KJG_E10_w3.TIF","file:/Users/kendra/Desktop/wormBox/well_mask.png","/Volumes/mzamanian/ImageXpress/raw/20210614-p01-KJG_670/TimePoint_1","/Volumes/mzamanian/ImageXpress/raw/20210614-p01-KJG_670/TimePoint_1","/Volumes/mzamanian/ImageXpress/raw/20210614-p01-KJG_670/TimePoint_1","/Users/kendra/Desktop/wormBox","20210614-p01-KJG_E10_w2.TIF","20210614-p01-KJG_E10_w1.TIF","20210614-p01-KJG_E10_w3.TIF","well_mask.png",0,0,0,0,0,0,0,0,-1,-1,-1,-1,"20210614",nan,"0","p01","KJG","0",nan,"E10"
1,59,"file:/Volumes/mzamanian/ImageXpress/raw/20210614-p01-KJG_670/TimePoint_1/20210614-p01-KJG_E11_w2.TIF","file:/Volumes/mzamanian/ImageXpress/raw/20210614-p01-KJG_670/TimePoint_1/20210614-p01-KJG_E11_w1.TIF","file:/Volumes/mzamanian/ImageXpress/raw/20210614-p01-KJG_670/TimePoint_1/20210614-p01-KJG_E11_w3.TIF","file:/Users/kendra/Desktop/wormBox/well_mask.png","/Volumes/mzamanian/ImageXpress/raw/20210614-p01-KJG_670/TimePoint_1","/Volumes/mzamanian/ImageXpress/raw/20210614-p01-KJG_670/TimePoint_1","/Volumes/mzamanian/ImageXpress/raw/20210614-p01-KJG_670/TimePoint_1","/Users/kendra/Desktop/wormBox","20210614-p01-KJG_E11_w2.TIF","20210614-p01-KJG_E11_w1.TIF","20210614-p01-KJG_E11_w3.TIF","well_mask.png",0,0,0,0,0,0,0,0,-1,-1,-1,-1,"20210614",nan,"0","p01","KJG","0",nan,"E11"
1,60,"file:/Volumes/mzamanian/ImageXpress/raw/20210614-p01-KJG_670/TimePoint_1/20210614-p01-KJG_E12_w2.TIF","file:/Volumes/mzamanian/ImageXpress/raw/20210614-p01-KJG_670/TimePoint_1/20210614-p01-KJG_E12_w1.TIF","file:/Volumes/mzamanian/ImageXpress/raw/20210614-p01-KJG_670/TimePoint_1/20210614-p01-KJG_E12_w3.TIF","file:/Users/kendra/Desktop/wormBox/well_mask.png","/Volumes/mzamanian/ImageXpress/raw/20210614-p01-KJG_670/TimePoint_1","/Volumes/mzamanian/ImageXpress/raw/20210614-p01-KJG_670/TimePoint_1","/Volumes/mzamanian/ImageXpress/raw/20210614-p01-KJG_670/TimePoint_1","/Users/kendra/Desktop/wormBox","20210614-p01-KJG_E12_w2.TIF","20210614-p01-KJG_E12_w1.TIF","20210614-p01-KJG_E12_w3.TIF","well_mask.png",0,0,0,0,0,0,0,0,-1,-1,-1,-1,"20210614",nan,"0","p01","KJG","0",nan,"E12"
1,61,"file:/Volumes/mzamanian/ImageXpress/raw/20210614-p01-KJG_670/TimePoint_1/20210614-p01-KJG_F01_w2.TIF","file:/Volumes/mzamanian/ImageXpress/raw/20210614-p01-KJG_670/TimePoint_1/20210614-p01-KJG_F01_w1.TIF","file:/Volumes/mzamanian/ImageXpress/raw/20210614-p01-KJG_670/TimePoint_1/20210614-p01-KJG_F01_w3.TIF","file:/Users/kendra/Desktop/wormBox/well_mask.png","/Volumes/mzamanian/ImageXpress/raw/20210614-p01-KJG_670/TimePoint_1","/Volumes/mzamanian/ImageXpress/raw/20210614-p01-KJG_670/TimePoint_1","/Volumes/mzamanian/ImageXpress/raw/20210614-p01-KJG_670/TimePoint_1","/Users/kendra/Desktop/wormBox","20210614-p01-KJG_F01_w2.TIF","20210614-p01-KJG_F01_w1.TIF","20210614-p01-KJG_F01_w3.TIF","well_mask.png",0,0,0,0,0,0,0,0,-1,-1,-1,-1,"20210614",nan,"0","p01","KJG","0",nan,"F01"
1,62,"file:/Volumes/mzamanian/ImageXpress/raw/20210614-p01-KJG_670/TimePoint_1/20210614-p01-KJG_F02_w2.TIF","file:/Volumes/mzamanian/ImageXpress/raw/20210614-p01-KJG_670/TimePoint_1/20210614-p01-KJG_F02_w1.TIF","file:/Volumes/mzamanian/ImageXpress/raw/20210614-p01-KJG_670/TimePoint_1/20210614-p01-KJG_F02_w3.TIF","file:/Users/kendra/Desktop/wormBox/well_mask.png","/Volumes/mzamanian/ImageXpress/raw/20210614-p01-KJG_670/TimePoint_1","/Volumes/mzamanian/ImageXpress/raw/20210614-p01-KJG_670/TimePoint_1","/Volumes/mzamanian/ImageXpress/raw/20210614-p01-KJG_670/TimePoint_1","/Users/kendra/Desktop/wormBox","20210614-p01-KJG_F02_w2.TIF","20210614-p01-KJG_F02_w1.TIF","20210614-p01-KJG_F02_w3.TIF","well_mask.png",0,0,0,0,0,0,0,0,-1,-1,-1,-1,"20210614",nan,"0","p01","KJG","0",nan,"F02"
1,63,"file:/Volumes/mzamanian/ImageXpress/raw/20210614-p01-KJG_670/TimePoint_1/20210614-p01-KJG_F03_w2.TIF","file:/Volumes/mzamanian/ImageXpress/raw/20210614-p01-KJG_670/TimePoint_1/20210614-p01-KJG_F03_w1.TIF","file:/Volumes/mzamanian/ImageXpress/raw/20210614-p01-KJG_670/TimePoint_1/20210614-p01-KJG_F03_w3.TIF","file:/Users/kendra/Desktop/wormBox/well_mask.png","/Volumes/mzamanian/ImageXpress/raw/20210614-p01-KJG_670/TimePoint_1","/Volumes/mzamanian/ImageXpress/raw/20210614-p01-KJG_670/TimePoint_1","/Volumes/mzamanian/ImageXpress/raw/20210614-p01-KJG_670/TimePoint_1","/Users/kendra/Desktop/wormBox","20210614-p01-KJG_F03_w2.TIF","20210614-p01-KJG_F03_w1.TIF","20210614-p01-KJG_F03_w3.TIF","well_mask.png",0,0,0,0,0,0,0,0,-1,-1,-1,-1,"20210614",nan,"0","p01","KJG","0",nan,"F03"
1,64,"file:/Volumes/mzamanian/ImageXpress/raw/20210614-p01-KJG_670/TimePoint_1/20210614-p01-KJG_F04_w2.TIF","file:/Volumes/mzamanian/ImageXpress/raw/20210614-p01-KJG_670/TimePoint_1/20210614-p01-KJG_F04_w1.TIF","file:/Volumes/mzamanian/ImageXpress/raw/20210614-p01-KJG_670/TimePoint_1/20210614-p01-KJG_F04_w3.TIF","file:/Users/kendra/Desktop/wormBox/well_mask.png","/Volumes/mzamanian/ImageXpress/raw/20210614-p01-KJG_670/TimePoint_1","/Volumes/mzamanian/ImageXpress/raw/20210614-p01-KJG_670/TimePoint_1","/Volumes/mzamanian/ImageXpress/raw/20210614-p01-KJG_670/TimePoint_1","/Users/kendra/Desktop/wormBox","20210614-p01-KJG_F04_w2.TIF","20210614-p01-KJG_F04_w1.TIF","20210614-p01-KJG_F04_w3.TIF","well_mask.png",0,0,0,0,0,0,0,0,-1,-1,-1,-1,"20210614",nan,"0","p01","KJG","0",nan,"F04"
1,65,"file:/Volumes/mzamanian/ImageXpress/raw/20210614-p01-KJG_670/TimePoint_1/20210614-p01-KJG_F05_w2.TIF","file:/Volumes/mzamanian/ImageXpress/raw/20210614-p01-KJG_670/TimePoint_1/20210614-p01-KJG_F05_w1.TIF","file:/Volumes/mzamanian/ImageXpress/raw/20210614-p01-KJG_670/TimePoint_1/20210614-p01-KJG_F05_w3.TIF","file:/Users/kendra/Desktop/wormBox/well_mask.png","/Volumes/mzamanian/ImageXpress/raw/20210614-p01-KJG_670/TimePoint_1","/Volumes/mzamanian/ImageXpress/raw/20210614-p01-KJG_670/TimePoint_1","/Volumes/mzamanian/ImageXpress/raw/20210614-p01-KJG_670/TimePoint_1","/Users/kendra/Desktop/wormBox","20210614-p01-KJG_F05_w2.TIF","20210614-p01-KJG_F05_w1.TIF","20210614-p01-KJG_F05_w3.TIF","well_mask.png",0,0,0,0,0,0,0,0,-1,-1,-1,-1,"20210614",nan,"0","p01","KJG","0",nan,"F05"
1,66,"file:/Volumes/mzamanian/ImageXpress/raw/20210614-p01-KJG_670/TimePoint_1/20210614-p01-KJG_F06_w2.TIF","file:/Volumes/mzamanian/ImageXpress/raw/20210614-p01-KJG_670/TimePoint_1/20210614-p01-KJG_F06_w1.TIF","file:/Volumes/mzamanian/ImageXpress/raw/20210614-p01-KJG_670/TimePoint_1/20210614-p01-KJG_F06_w3.TIF","file:/Users/kendra/Desktop/wormBox/well_mask.png","/Volumes/mzamanian/ImageXpress/raw/20210614-p01-KJG_670/TimePoint_1","/Volumes/mzamanian/ImageXpress/raw/20210614-p01-KJG_670/TimePoint_1","/Volumes/mzamanian/ImageXpress/raw/20210614-p01-KJG_670/TimePoint_1","/Users/kendra/Desktop/wormBox","20210614-p01-KJG_F06_w2.TIF","20210614-p01-KJG_F06_w1.TIF","20210614-p01-KJG_F06_w3.TIF","well_mask.png",0,0,0,0,0,0,0,0,-1,-1,-1,-1,"20210614",nan,"0","p01","KJG","0",nan,"F06"
1,67,"file:/Volumes/mzamanian/ImageXpress/raw/20210614-p01-KJG_670/TimePoint_1/20210614-p01-KJG_F07_w2.TIF","file:/Volumes/mzamanian/ImageXpress/raw/20210614-p01-KJG_670/TimePoint_1/20210614-p01-KJG_F07_w1.TIF","file:/Volumes/mzamanian/ImageXpress/raw/20210614-p01-KJG_670/TimePoint_1/20210614-p01-KJG_F07_w3.TIF","file:/Users/kendra/Desktop/wormBox/well_mask.png","/Volumes/mzamanian/ImageXpress/raw/20210614-p01-KJG_670/TimePoint_1","/Volumes/mzamanian/ImageXpress/raw/20210614-p01-KJG_670/TimePoint_1","/Volumes/mzamanian/ImageXpress/raw/20210614-p01-KJG_670/TimePoint_1","/Users/kendra/Desktop/wormBox","20210614-p01-KJG_F07_w2.TIF","20210614-p01-KJG_F07_w1.TIF","20210614-p01-KJG_F07_w3.TIF","well_mask.png",0,0,0,0,0,0,0,0,-1,-1,-1,-1,"20210614",nan,"0","p01","KJG","0",nan,"F07"
1,68,"file:/Volumes/mzamanian/ImageXpress/raw/20210614-p01-KJG_670/TimePoint_1/20210614-p01-KJG_F08_w2.TIF","file:/Volumes/mzamanian/ImageXpress/raw/20210614-p01-KJG_670/TimePoint_1/20210614-p01-KJG_F08_w1.TIF","file:/Volumes/mzamanian/ImageXpress/raw/20210614-p01-KJG_670/TimePoint_1/20210614-p01-KJG_F08_w3.TIF","file:/Users/kendra/Desktop/wormBox/well_mask.png","/Volumes/mzamanian/ImageXpress/raw/20210614-p01-KJG_670/TimePoint_1","/Volumes/mzamanian/ImageXpress/raw/20210614-p01-KJG_670/TimePoint_1","/Volumes/mzamanian/ImageXpress/raw/20210614-p01-KJG_670/TimePoint_1","/Users/kendra/Desktop/wormBox","20210614-p01-KJG_F08_w2.TIF","20210614-p01-KJG_F08_w1.TIF","20210614-p01-KJG_F08_w3.TIF","well_mask.png",0,0,0,0,0,0,0,0,-1,-1,-1,-1,"20210614",nan,"0","p01","KJG","0",nan,"F08"
1,69,"file:/Volumes/mzamanian/ImageXpress/raw/20210614-p01-KJG_670/TimePoint_1/20210614-p01-KJG_F09_w2.TIF","file:/Volumes/mzamanian/ImageXpress/raw/20210614-p01-KJG_670/TimePoint_1/20210614-p01-KJG_F09_w1.TIF","file:/Volumes/mzamanian/ImageXpress/raw/20210614-p01-KJG_670/TimePoint_1/20210614-p01-KJG_F09_w3.TIF","file:/Users/kendra/Desktop/wormBox/well_mask.png","/Volumes/mzamanian/ImageXpress/raw/20210614-p01-KJG_670/TimePoint_1","/Volumes/mzamanian/ImageXpress/raw/20210614-p01-KJG_670/TimePoint_1","/Volumes/mzamanian/ImageXpress/raw/20210614-p01-KJG_670/TimePoint_1","/Users/kendra/Desktop/wormBox","20210614-p01-KJG_F09_w2.TIF","20210614-p01-KJG_F09_w1.TIF","20210614-p01-KJG_F09_w3.TIF","well_mask.png",0,0,0,0,0,0,0,0,-1,-1,-1,-1,"20210614",nan,"0","p01","KJG","0",nan,"F09"
1,70,"file:/Volumes/mzamanian/ImageXpress/raw/20210614-p01-KJG_670/TimePoint_1/20210614-p01-KJG_F10_w2.TIF","file:/Volumes/mzamanian/ImageXpress/raw/20210614-p01-KJG_670/TimePoint_1/20210614-p01-KJG_F10_w1.TIF","file:/Volumes/mzamanian/ImageXpress/raw/20210614-p01-KJG_670/TimePoint_1/20210614-p01-KJG_F10_w3.TIF","file:/Users/kendra/Desktop/wormBox/well_mask.png","/Volumes/mzamanian/ImageXpress/raw/20210614-p01-KJG_670/TimePoint_1","/Volumes/mzamanian/ImageXpress/raw/20210614-p01-KJG_670/TimePoint_1","/Volumes/mzamanian/ImageXpress/raw/20210614-p01-KJG_670/TimePoint_1","/Users/kendra/Desktop/wormBox","20210614-p01-KJG_F10_w2.TIF","20210614-p01-KJG_F10_w1.TIF","20210614-p01-KJG_F10_w3.TIF","well_mask.png",0,0,0,0,0,0,0,0,-1,-1,-1,-1,"20210614",nan,"0","p01","KJG","0",nan,"F10"
1,71,"file:/Volumes/mzamanian/ImageXpress/raw/20210614-p01-KJG_670/TimePoint_1/20210614-p01-KJG_F11_w2.TIF","file:/Volumes/mzamanian/ImageXpress/raw/20210614-p01-KJG_670/TimePoint_1/20210614-p01-KJG_F11_w1.TIF","file:/Volumes/mzamanian/ImageXpress/raw/20210614-p01-KJG_670/TimePoint_1/20210614-p01-KJG_F11_w3.TIF","file:/Users/kendra/Desktop/wormBox/well_mask.png","/Volumes/mzamanian/ImageXpress/raw/20210614-p01-KJG_670/TimePoint_1","/Volumes/mzamanian/ImageXpress/raw/20210614-p01-KJG_670/TimePoint_1","/Volumes/mzamanian/ImageXpress/raw/20210614-p01-KJG_670/TimePoint_1","/Users/kendra/Desktop/wormBox","20210614-p01-KJG_F11_w2.TIF","20210614-p01-KJG_F11_w1.TIF","20210614-p01-KJG_F11_w3.TIF","well_mask.png",0,0,0,0,0,0,0,0,-1,-1,-1,-1,"20210614",nan,"0","p01","KJG","0",nan,"F11"
1,72,"file:/Volumes/mzamanian/ImageXpress/raw/20210614-p01-KJG_670/TimePoint_1/20210614-p01-KJG_F12_w2.TIF","file:/Volumes/mzamanian/ImageXpress/raw/20210614-p01-KJG_670/TimePoint_1/20210614-p01-KJG_F12_w1.TIF","file:/Volumes/mzamanian/ImageXpress/raw/20210614-p01-KJG_670/TimePoint_1/20210614-p01-KJG_F12_w3.TIF","file:/Users/kendra/Desktop/wormBox/well_mask.png","/Volumes/mzamanian/ImageXpress/raw/20210614-p01-KJG_670/TimePoint_1","/Volumes/mzamanian/ImageXpress/raw/20210614-p01-KJG_670/TimePoint_1","/Volumes/mzamanian/ImageXpress/raw/20210614-p01-KJG_670/TimePoint_1","/Users/kendra/Desktop/wormBox","20210614-p01-KJG_F12_w2.TIF","20210614-p01-KJG_F12_w1.TIF","20210614-p01-KJG_F12_w3.TIF","well_mask.png",0,0,0,0,0,0,0,0,-1,-1,-1,-1,"20210614",nan,"0","p01","KJG","0",nan,"F12"
1,73,"file:/Volumes/mzamanian/ImageXpress/raw/20210614-p01-KJG_670/TimePoint_1/20210614-p01-KJG_G01_w2.TIF","file:/Volumes/mzamanian/ImageXpress/raw/20210614-p01-KJG_670/TimePoint_1/20210614-p01-KJG_G01_w1.TIF","file:/Volumes/mzamanian/ImageXpress/raw/20210614-p01-KJG_670/TimePoint_1/20210614-p01-KJG_G01_w3.TIF","file:/Users/kendra/Desktop/wormBox/well_mask.png","/Volumes/mzamanian/ImageXpress/raw/20210614-p01-KJG_670/TimePoint_1","/Volumes/mzamanian/ImageXpress/raw/20210614-p01-KJG_670/TimePoint_1","/Volumes/mzamanian/ImageXpress/raw/20210614-p01-KJG_670/TimePoint_1","/Users/kendra/Desktop/wormBox","20210614-p01-KJG_G01_w2.TIF","20210614-p01-KJG_G01_w1.TIF","20210614-p01-KJG_G01_w3.TIF","well_mask.png",0,0,0,0,0,0,0,0,-1,-1,-1,-1,"20210614",nan,"0","p01","KJG","0",nan,"G01"
1,74,"file:/Volumes/mzamanian/ImageXpress/raw/20210614-p01-KJG_670/TimePoint_1/20210614-p01-KJG_G02_w2.TIF","file:/Volumes/mzamanian/ImageXpress/raw/20210614-p01-KJG_670/TimePoint_1/20210614-p01-KJG_G02_w1.TIF","file:/Volumes/mzamanian/ImageXpress/raw/20210614-p01-KJG_670/TimePoint_1/20210614-p01-KJG_G02_w3.TIF","file:/Users/kendra/Desktop/wormBox/well_mask.png","/Volumes/mzamanian/ImageXpress/raw/20210614-p01-KJG_670/TimePoint_1","/Volumes/mzamanian/ImageXpress/raw/20210614-p01-KJG_670/TimePoint_1","/Volumes/mzamanian/ImageXpress/raw/20210614-p01-KJG_670/TimePoint_1","/Users/kendra/Desktop/wormBox","20210614-p01-KJG_G02_w2.TIF","20210614-p01-KJG_G02_w1.TIF","20210614-p01-KJG_G02_w3.TIF","well_mask.png",0,0,0,0,0,0,0,0,-1,-1,-1,-1,"20210614",nan,"0","p01","KJG","0",nan,"G02"
1,75,"file:/Volumes/mzamanian/ImageXpress/raw/20210614-p01-KJG_670/TimePoint_1/20210614-p01-KJG_G03_w2.TIF","file:/Volumes/mzamanian/ImageXpress/raw/20210614-p01-KJG_670/TimePoint_1/20210614-p01-KJG_G03_w1.TIF","file:/Volumes/mzamanian/ImageXpress/raw/20210614-p01-KJG_670/TimePoint_1/20210614-p01-KJG_G03_w3.TIF","file:/Users/kendra/Desktop/wormBox/well_mask.png","/Volumes/mzamanian/ImageXpress/raw/20210614-p01-KJG_670/TimePoint_1","/Volumes/mzamanian/ImageXpress/raw/20210614-p01-KJG_670/TimePoint_1","/Volumes/mzamanian/ImageXpress/raw/20210614-p01-KJG_670/TimePoint_1","/Users/kendra/Desktop/wormBox","20210614-p01-KJG_G03_w2.TIF","20210614-p01-KJG_G03_w1.TIF","20210614-p01-KJG_G03_w3.TIF","well_mask.png",0,0,0,0,0,0,0,0,-1,-1,-1,-1,"20210614",nan,"0","p01","KJG","0",nan,"G03"
1,76,"file:/Volumes/mzamanian/ImageXpress/raw/20210614-p01-KJG_670/TimePoint_1/20210614-p01-KJG_G04_w2.TIF","file:/Volumes/mzamanian/ImageXpress/raw/20210614-p01-KJG_670/TimePoint_1/20210614-p01-KJG_G04_w1.TIF","file:/Volumes/mzamanian/ImageXpress/raw/20210614-p01-KJG_670/TimePoint_1/20210614-p01-KJG_G04_w3.TIF","file:/Users/kendra/Desktop/wormBox/well_mask.png","/Volumes/mzamanian/ImageXpress/raw/20210614-p01-KJG_670/TimePoint_1","/Volumes/mzamanian/ImageXpress/raw/20210614-p01-KJG_670/TimePoint_1","/Volumes/mzamanian/ImageXpress/raw/20210614-p01-KJG_670/TimePoint_1","/Users/kendra/Desktop/wormBox","20210614-p01-KJG_G04_w2.TIF","20210614-p01-KJG_G04_w1.TIF","20210614-p01-KJG_G04_w3.TIF","well_mask.png",0,0,0,0,0,0,0,0,-1,-1,-1,-1,"20210614",nan,"0","p01","KJG","0",nan,"G04"
1,77,"file:/Volumes/mzamanian/ImageXpress/raw/20210614-p01-KJG_670/TimePoint_1/20210614-p01-KJG_G05_w2.TIF","file:/Volumes/mzamanian/ImageXpress/raw/20210614-p01-KJG_670/TimePoint_1/20210614-p01-KJG_G05_w1.TIF","file:/Volumes/mzamanian/ImageXpress/raw/20210614-p01-KJG_670/TimePoint_1/20210614-p01-KJG_G05_w3.TIF","file:/Users/kendra/Desktop/wormBox/well_mask.png","/Volumes/mzamanian/ImageXpress/raw/20210614-p01-KJG_670/TimePoint_1","/Volumes/mzamanian/ImageXpress/raw/20210614-p01-KJG_670/TimePoint_1","/Volumes/mzamanian/ImageXpress/raw/20210614-p01-KJG_670/TimePoint_1","/Users/kendra/Desktop/wormBox","20210614-p01-KJG_G05_w2.TIF","20210614-p01-KJG_G05_w1.TIF","20210614-p01-KJG_G05_w3.TIF","well_mask.png",0,0,0,0,0,0,0,0,-1,-1,-1,-1,"20210614",nan,"0","p01","KJG","0",nan,"G05"
1,78,"file:/Volumes/mzamanian/ImageXpress/raw/20210614-p01-KJG_670/TimePoint_1/20210614-p01-KJG_G06_w2.TIF","file:/Volumes/mzamanian/ImageXpress/raw/20210614-p01-KJG_670/TimePoint_1/20210614-p01-KJG_G06_w1.TIF","file:/Volumes/mzamanian/ImageXpress/raw/20210614-p01-KJG_670/TimePoint_1/20210614-p01-KJG_G06_w3.TIF","file:/Users/kendra/Desktop/wormBox/well_mask.png","/Volumes/mzamanian/ImageXpress/raw/20210614-p01-KJG_670/TimePoint_1","/Volumes/mzamanian/ImageXpress/raw/20210614-p01-KJG_670/TimePoint_1","/Volumes/mzamanian/ImageXpress/raw/20210614-p01-KJG_670/TimePoint_1","/Users/kendra/Desktop/wormBox","20210614-p01-KJG_G06_w2.TIF","20210614-p01-KJG_G06_w1.TIF","20210614-p01-KJG_G06_w3.TIF","well_mask.png",0,0,0,0,0,0,0,0,-1,-1,-1,-1,"20210614",nan,"0","p01","KJG","0",nan,"G06"
1,79,"file:/Volumes/mzamanian/ImageXpress/raw/20210614-p01-KJG_670/TimePoint_1/20210614-p01-KJG_G07_w2.TIF","file:/Volumes/mzamanian/ImageXpress/raw/20210614-p01-KJG_670/TimePoint_1/20210614-p01-KJG_G07_w1.TIF","file:/Volumes/mzamanian/ImageXpress/raw/20210614-p01-KJG_670/TimePoint_1/20210614-p01-KJG_G07_w3.TIF","file:/Users/kendra/Desktop/wormBox/well_mask.png","/Volumes/mzamanian/ImageXpress/raw/20210614-p01-KJG_670/TimePoint_1","/Volumes/mzamanian/ImageXpress/raw/20210614-p01-KJG_670/TimePoint_1","/Volumes/mzamanian/ImageXpress/raw/20210614-p01-KJG_670/TimePoint_1","/Users/kendra/Desktop/wormBox","20210614-p01-KJG_G07_w2.TIF","20210614-p01-KJG_G07_w1.TIF","20210614-p01-KJG_G07_w3.TIF","well_mask.png",0,0,0,0,0,0,0,0,-1,-1,-1,-1,"20210614",nan,"0","p01","KJG","0",nan,"G07"
1,80,"file:/Volumes/mzamanian/ImageXpress/raw/20210614-p01-KJG_670/TimePoint_1/20210614-p01-KJG_G08_w2.TIF","file:/Volumes/mzamanian/ImageXpress/raw/20210614-p01-KJG_670/TimePoint_1/20210614-p01-KJG_G08_w1.TIF","file:/Volumes/mzamanian/ImageXpress/raw/20210614-p01-KJG_670/TimePoint_1/20210614-p01-KJG_G08_w3.TIF","file:/Users/kendra/Desktop/wormBox/well_mask.png","/Volumes/mzamanian/ImageXpress/raw/20210614-p01-KJG_670/TimePoint_1","/Volumes/mzamanian/ImageXpress/raw/20210614-p01-KJG_670/TimePoint_1","/Volumes/mzamanian/ImageXpress/raw/20210614-p01-KJG_670/TimePoint_1","/Users/kendra/Desktop/wormBox","20210614-p01-KJG_G08_w2.TIF","20210614-p01-KJG_G08_w1.TIF","20210614-p01-KJG_G08_w3.TIF","well_mask.png",0,0,0,0,0,0,0,0,-1,-1,-1,-1,"20210614",nan,"0","p01","KJG","0",nan,"G08"
1,81,"file:/Volumes/mzamanian/ImageXpress/raw/20210614-p01-KJG_670/TimePoint_1/20210614-p01-KJG_G09_w2.TIF","file:/Volumes/mzamanian/ImageXpress/raw/20210614-p01-KJG_670/TimePoint_1/20210614-p01-KJG_G09_w1.TIF","file:/Volumes/mzamanian/ImageXpress/raw/20210614-p01-KJG_670/TimePoint_1/20210614-p01-KJG_G09_w3.TIF","file:/Users/kendra/Desktop/wormBox/well_mask.png","/Volumes/mzamanian/ImageXpress/raw/20210614-p01-KJG_670/TimePoint_1","/Volumes/mzamanian/ImageXpress/raw/20210614-p01-KJG_670/TimePoint_1","/Volumes/mzamanian/ImageXpress/raw/20210614-p01-KJG_670/TimePoint_1","/Users/kendra/Desktop/wormBox","20210614-p01-KJG_G09_w2.TIF","20210614-p01-KJG_G09_w1.TIF","20210614-p01-KJG_G09_w3.TIF","well_mask.png",0,0,0,0,0,0,0,0,-1,-1,-1,-1,"20210614",nan,"0","p01","KJG","0",nan,"G09"
1,82,"file:/Volumes/mzamanian/ImageXpress/raw/20210614-p01-KJG_670/TimePoint_1/20210614-p01-KJG_G10_w2.TIF","file:/Volumes/mzamanian/ImageXpress/raw/20210614-p01-KJG_670/TimePoint_1/20210614-p01-KJG_G10_w1.TIF","file:/Volumes/mzamanian/ImageXpress/raw/20210614-p01-KJG_670/TimePoint_1/20210614-p01-KJG_G10_w3.TIF","file:/Users/kendra/Desktop/wormBox/well_mask.png","/Volumes/mzamanian/ImageXpress/raw/20210614-p01-KJG_670/TimePoint_1","/Volumes/mzamanian/ImageXpress/raw/20210614-p01-KJG_670/TimePoint_1","/Volumes/mzamanian/ImageXpress/raw/20210614-p01-KJG_670/TimePoint_1","/Users/kendra/Desktop/wormBox","20210614-p01-KJG_G10_w2.TIF","20210614-p01-KJG_G10_w1.TIF","20210614-p01-KJG_G10_w3.TIF","well_mask.png",0,0,0,0,0,0,0,0,-1,-1,-1,-1,"20210614",nan,"0","p01","KJG","0",nan,"G10"
1,83,"file:/Volumes/mzamanian/ImageXpress/raw/20210614-p01-KJG_670/TimePoint_1/20210614-p01-KJG_G11_w2.TIF","file:/Volumes/mzamanian/ImageXpress/raw/20210614-p01-KJG_670/TimePoint_1/20210614-p01-KJG_G11_w1.TIF","file:/Volumes/mzamanian/ImageXpress/raw/20210614-p01-KJG_670/TimePoint_1/20210614-p01-KJG_G11_w3.TIF","file:/Users/kendra/Desktop/wormBox/well_mask.png","/Volumes/mzamanian/ImageXpress/raw/20210614-p01-KJG_670/TimePoint_1","/Volumes/mzamanian/ImageXpress/raw/20210614-p01-KJG_670/TimePoint_1","/Volumes/mzamanian/ImageXpress/raw/20210614-p01-KJG_670/TimePoint_1","/Users/kendra/Desktop/wormBox","20210614-p01-KJG_G11_w2.TIF","20210614-p01-KJG_G11_w1.TIF","20210614-p01-KJG_G11_w3.TIF","well_mask.png",0,0,0,0,0,0,0,0,-1,-1,-1,-1,"20210614",nan,"0","p01","KJG","0",nan,"G11"
1,84,"file:/Volumes/mzamanian/ImageXpress/raw/20210614-p01-KJG_670/TimePoint_1/20210614-p01-KJG_G12_w2.TIF","file:/Volumes/mzamanian/ImageXpress/raw/20210614-p01-KJG_670/TimePoint_1/20210614-p01-KJG_G12_w1.TIF","file:/Volumes/mzamanian/ImageXpress/raw/20210614-p01-KJG_670/TimePoint_1/20210614-p01-KJG_G12_w3.TIF","file:/Users/kendra/Desktop/wormBox/well_mask.png","/Volumes/mzamanian/ImageXpress/raw/20210614-p01-KJG_670/TimePoint_1","/Volumes/mzamanian/ImageXpress/raw/20210614-p01-KJG_670/TimePoint_1","/Volumes/mzamanian/ImageXpress/raw/20210614-p01-KJG_670/TimePoint_1","/Users/kendra/Desktop/wormBox","20210614-p01-KJG_G12_w2.TIF","20210614-p01-KJG_G12_w1.TIF","20210614-p01-KJG_G12_w3.TIF","well_mask.png",0,0,0,0,0,0,0,0,-1,-1,-1,-1,"20210614",nan,"0","p01","KJG","0",nan,"G12"
1,85,"file:/Volumes/mzamanian/ImageXpress/raw/20210614-p01-KJG_670/TimePoint_1/20210614-p01-KJG_H01_w2.TIF","file:/Volumes/mzamanian/ImageXpress/raw/20210614-p01-KJG_670/TimePoint_1/20210614-p01-KJG_H01_w1.TIF","file:/Volumes/mzamanian/ImageXpress/raw/20210614-p01-KJG_670/TimePoint_1/20210614-p01-KJG_H01_w3.TIF","file:/Users/kendra/Desktop/wormBox/well_mask.png","/Volumes/mzamanian/ImageXpress/raw/20210614-p01-KJG_670/TimePoint_1","/Volumes/mzamanian/ImageXpress/raw/20210614-p01-KJG_670/TimePoint_1","/Volumes/mzamanian/ImageXpress/raw/20210614-p01-KJG_670/TimePoint_1","/Users/kendra/Desktop/wormBox","20210614-p01-KJG_H01_w2.TIF","20210614-p01-KJG_H01_w1.TIF","20210614-p01-KJG_H01_w3.TIF","well_mask.png",0,0,0,0,0,0,0,0,-1,-1,-1,-1,"20210614",nan,"0","p01","KJG","0",nan,"H01"
1,86,"file:/Volumes/mzamanian/ImageXpress/raw/20210614-p01-KJG_670/TimePoint_1/20210614-p01-KJG_H02_w2.TIF","file:/Volumes/mzamanian/ImageXpress/raw/20210614-p01-KJG_670/TimePoint_1/20210614-p01-KJG_H02_w1.TIF","file:/Volumes/mzamanian/ImageXpress/raw/20210614-p01-KJG_670/TimePoint_1/20210614-p01-KJG_H02_w3.TIF","file:/Users/kendra/Desktop/wormBox/well_mask.png","/Volumes/mzamanian/ImageXpress/raw/20210614-p01-KJG_670/TimePoint_1","/Volumes/mzamanian/ImageXpress/raw/20210614-p01-KJG_670/TimePoint_1","/Volumes/mzamanian/ImageXpress/raw/20210614-p01-KJG_670/TimePoint_1","/Users/kendra/Desktop/wormBox","20210614-p01-KJG_H02_w2.TIF","20210614-p01-KJG_H02_w1.TIF","20210614-p01-KJG_H02_w3.TIF","well_mask.png",0,0,0,0,0,0,0,0,-1,-1,-1,-1,"20210614",nan,"0","p01","KJG","0",nan,"H02"
1,87,"file:/Volumes/mzamanian/ImageXpress/raw/20210614-p01-KJG_670/TimePoint_1/20210614-p01-KJG_H03_w2.TIF","file:/Volumes/mzamanian/ImageXpress/raw/20210614-p01-KJG_670/TimePoint_1/20210614-p01-KJG_H03_w1.TIF","file:/Volumes/mzamanian/ImageXpress/raw/20210614-p01-KJG_670/TimePoint_1/20210614-p01-KJG_H03_w3.TIF","file:/Users/kendra/Desktop/wormBox/well_mask.png","/Volumes/mzamanian/ImageXpress/raw/20210614-p01-KJG_670/TimePoint_1","/Volumes/mzamanian/ImageXpress/raw/20210614-p01-KJG_670/TimePoint_1","/Volumes/mzamanian/ImageXpress/raw/20210614-p01-KJG_670/TimePoint_1","/Users/kendra/Desktop/wormBox","20210614-p01-KJG_H03_w2.TIF","20210614-p01-KJG_H03_w1.TIF","20210614-p01-KJG_H03_w3.TIF","well_mask.png",0,0,0,0,0,0,0,0,-1,-1,-1,-1,"20210614",nan,"0","p01","KJG","0",nan,"H03"
1,88,"file:/Volumes/mzamanian/ImageXpress/raw/20210614-p01-KJG_670/TimePoint_1/20210614-p01-KJG_H04_w2.TIF","file:/Volumes/mzamanian/ImageXpress/raw/20210614-p01-KJG_670/TimePoint_1/20210614-p01-KJG_H04_w1.TIF","file:/Volumes/mzamanian/ImageXpress/raw/20210614-p01-KJG_670/TimePoint_1/20210614-p01-KJG_H04_w3.TIF","file:/Users/kendra/Desktop/wormBox/well_mask.png","/Volumes/mzamanian/ImageXpress/raw/20210614-p01-KJG_670/TimePoint_1","/Volumes/mzamanian/ImageXpress/raw/20210614-p01-KJG_670/TimePoint_1","/Volumes/mzamanian/ImageXpress/raw/20210614-p01-KJG_670/TimePoint_1","/Users/kendra/Desktop/wormBox","20210614-p01-KJG_H04_w2.TIF","20210614-p01-KJG_H04_w1.TIF","20210614-p01-KJG_H04_w3.TIF","well_mask.png",0,0,0,0,0,0,0,0,-1,-1,-1,-1,"20210614",nan,"0","p01","KJG","0",nan,"H04"
1,89,"file:/Volumes/mzamanian/ImageXpress/raw/20210614-p01-KJG_670/TimePoint_1/20210614-p01-KJG_H05_w2.TIF","file:/Volumes/mzamanian/ImageXpress/raw/20210614-p01-KJG_670/TimePoint_1/20210614-p01-KJG_H05_w1.TIF","file:/Volumes/mzamanian/ImageXpress/raw/20210614-p01-KJG_670/TimePoint_1/20210614-p01-KJG_H05_w3.TIF","file:/Users/kendra/Desktop/wormBox/well_mask.png","/Volumes/mzamanian/ImageXpress/raw/20210614-p01-KJG_670/TimePoint_1","/Volumes/mzamanian/ImageXpress/raw/20210614-p01-KJG_670/TimePoint_1","/Volumes/mzamanian/ImageXpress/raw/20210614-p01-KJG_670/TimePoint_1","/Users/kendra/Desktop/wormBox","20210614-p01-KJG_H05_w2.TIF","20210614-p01-KJG_H05_w1.TIF","20210614-p01-KJG_H05_w3.TIF","well_mask.png",0,0,0,0,0,0,0,0,-1,-1,-1,-1,"20210614",nan,"0","p01","KJG","0",nan,"H05"
1,90,"file:/Volumes/mzamanian/ImageXpress/raw/20210614-p01-KJG_670/TimePoint_1/20210614-p01-KJG_H06_w2.TIF","file:/Volumes/mzamanian/ImageXpress/raw/20210614-p01-KJG_670/TimePoint_1/20210614-p01-KJG_H06_w1.TIF","file:/Volumes/mzamanian/ImageXpress/raw/20210614-p01-KJG_670/TimePoint_1/20210614-p01-KJG_H06_w3.TIF","file:/Users/kendra/Desktop/wormBox/well_mask.png","/Volumes/mzamanian/ImageXpress/raw/20210614-p01-KJG_670/TimePoint_1","/Volumes/mzamanian/ImageXpress/raw/20210614-p01-KJG_670/TimePoint_1","/Volumes/mzamanian/ImageXpress/raw/20210614-p01-KJG_670/TimePoint_1","/Users/kendra/Desktop/wormBox","20210614-p01-KJG_H06_w2.TIF","20210614-p01-KJG_H06_w1.TIF","20210614-p01-KJG_H06_w3.TIF","well_mask.png",0,0,0,0,0,0,0,0,-1,-1,-1,-1,"20210614",nan,"0","p01","KJG","0",nan,"H06"
1,91,"file:/Volumes/mzamanian/ImageXpress/raw/20210614-p01-KJG_670/TimePoint_1/20210614-p01-KJG_H07_w2.TIF","file:/Volumes/mzamanian/ImageXpress/raw/20210614-p01-KJG_670/TimePoint_1/20210614-p01-KJG_H07_w1.TIF","file:/Volumes/mzamanian/ImageXpress/raw/20210614-p01-KJG_670/TimePoint_1/20210614-p01-KJG_H07_w3.TIF","file:/Users/kendra/Desktop/wormBox/well_mask.png","/Volumes/mzamanian/ImageXpress/raw/20210614-p01-KJG_670/TimePoint_1","/Volumes/mzamanian/ImageXpress/raw/20210614-p01-KJG_670/TimePoint_1","/Volumes/mzamanian/ImageXpress/raw/20210614-p01-KJG_670/TimePoint_1","/Users/kendra/Desktop/wormBox","20210614-p01-KJG_H07_w2.TIF","20210614-p01-KJG_H07_w1.TIF","20210614-p01-KJG_H07_w3.TIF","well_mask.png",0,0,0,0,0,0,0,0,-1,-1,-1,-1,"20210614",nan,"0","p01","KJG","0",nan,"H07"
1,92,"file:/Volumes/mzamanian/ImageXpress/raw/20210614-p01-KJG_670/TimePoint_1/20210614-p01-KJG_H08_w2.TIF","file:/Volumes/mzamanian/ImageXpress/raw/20210614-p01-KJG_670/TimePoint_1/20210614-p01-KJG_H08_w1.TIF","file:/Volumes/mzamanian/ImageXpress/raw/20210614-p01-KJG_670/TimePoint_1/20210614-p01-KJG_H08_w3.TIF","file:/Users/kendra/Desktop/wormBox/well_mask.png","/Volumes/mzamanian/ImageXpress/raw/20210614-p01-KJG_670/TimePoint_1","/Volumes/mzamanian/ImageXpress/raw/20210614-p01-KJG_670/TimePoint_1","/Volumes/mzamanian/ImageXpress/raw/20210614-p01-KJG_670/TimePoint_1","/Users/kendra/Desktop/wormBox","20210614-p01-KJG_H08_w2.TIF","20210614-p01-KJG_H08_w1.TIF","20210614-p01-KJG_H08_w3.TIF","well_mask.png",0,0,0,0,0,0,0,0,-1,-1,-1,-1,"20210614",nan,"0","p01","KJG","0",nan,"H08"
1,93,"file:/Volumes/mzamanian/ImageXpress/raw/20210614-p01-KJG_670/TimePoint_1/20210614-p01-KJG_H09_w2.TIF","file:/Volumes/mzamanian/ImageXpress/raw/20210614-p01-KJG_670/TimePoint_1/20210614-p01-KJG_H09_w1.TIF","file:/Volumes/mzamanian/ImageXpress/raw/20210614-p01-KJG_670/TimePoint_1/20210614-p01-KJG_H09_w3.TIF","file:/Users/kendra/Desktop/wormBox/well_mask.png","/Volumes/mzamanian/ImageXpress/raw/20210614-p01-KJG_670/TimePoint_1","/Volumes/mzamanian/ImageXpress/raw/20210614-p01-KJG_670/TimePoint_1","/Volumes/mzamanian/ImageXpress/raw/20210614-p01-KJG_670/TimePoint_1","/Users/kendra/Desktop/wormBox","20210614-p01-KJG_H09_w2.TIF","20210614-p01-KJG_H09_w1.TIF","20210614-p01-KJG_H09_w3.TIF","well_mask.png",0,0,0,0,0,0,0,0,-1,-1,-1,-1,"20210614",nan,"0","p01","KJG","0",nan,"H09"
1,94,"file:/Volumes/mzamanian/ImageXpress/raw/20210614-p01-KJG_670/TimePoint_1/20210614-p01-KJG_H10_w2.TIF","file:/Volumes/mzamanian/ImageXpress/raw/20210614-p01-KJG_670/TimePoint_1/20210614-p01-KJG_H10_w1.TIF","file:/Volumes/mzamanian/ImageXpress/raw/20210614-p01-KJG_670/TimePoint_1/20210614-p01-KJG_H10_w3.TIF","file:/Users/kendra/Desktop/wormBox/well_mask.png","/Volumes/mzamanian/ImageXpress/raw/20210614-p01-KJG_670/TimePoint_1","/Volumes/mzamanian/ImageXpress/raw/20210614-p01-KJG_670/TimePoint_1","/Volumes/mzamanian/ImageXpress/raw/20210614-p01-KJG_670/TimePoint_1","/Users/kendra/Desktop/wormBox","20210614-p01-KJG_H10_w2.TIF","20210614-p01-KJG_H10_w1.TIF","20210614-p01-KJG_H10_w3.TIF","well_mask.png",0,0,0,0,0,0,0,0,-1,-1,-1,-1,"20210614",nan,"0","p01","KJG","0",nan,"H10"
1,95,"file:/Volumes/mzamanian/ImageXpress/raw/20210614-p01-KJG_670/TimePoint_1/20210614-p01-KJG_H11_w2.TIF","file:/Volumes/mzamanian/ImageXpress/raw/20210614-p01-KJG_670/TimePoint_1/20210614-p01-KJG_H11_w1.TIF","file:/Volumes/mzamanian/ImageXpress/raw/20210614-p01-KJG_670/TimePoint_1/20210614-p01-KJG_H11_w3.TIF","file:/Users/kendra/Desktop/wormBox/well_mask.png","/Volumes/mzamanian/ImageXpress/raw/20210614-p01-KJG_670/TimePoint_1","/Volumes/mzamanian/ImageXpress/raw/20210614-p01-KJG_670/TimePoint_1","/Volumes/mzamanian/ImageXpress/raw/20210614-p01-KJG_670/TimePoint_1","/Users/kendra/Desktop/wormBox","20210614-p01-KJG_H11_w2.TIF","20210614-p01-KJG_H11_w1.TIF","20210614-p01-KJG_H11_w3.TIF","well_mask.png",0,0,0,0,0,0,0,0,-1,-1,-1,-1,"20210614",nan,"0","p01","KJG","0",nan,"H11"
1,96,"file:/Volumes/mzamanian/ImageXpress/raw/20210614-p01-KJG_670/TimePoint_1/20210614-p01-KJG_H12_w2.TIF","file:/Volumes/mzamanian/ImageXpress/raw/20210614-p01-KJG_670/TimePoint_1/20210614-p01-KJG_H12_w1.TIF","file:/Volumes/mzamanian/ImageXpress/raw/20210614-p01-KJG_670/TimePoint_1/20210614-p01-KJG_H12_w3.TIF","file:/Users/kendra/Desktop/wormBox/well_mask.png","/Volumes/mzamanian/ImageXpress/raw/20210614-p01-KJG_670/TimePoint_1","/Volumes/mzamanian/ImageXpress/raw/20210614-p01-KJG_670/TimePoint_1","/Volumes/mzamanian/ImageXpress/raw/20210614-p01-KJG_670/TimePoint_1","/Users/kendra/Desktop/wormBox","20210614-p01-KJG_H12_w2.TIF","20210614-p01-KJG_H12_w1.TIF","20210614-p01-KJG_H12_w3.TIF","well_mask.png",0,0,0,0,0,0,0,0,-1,-1,-1,-1,"20210614",nan,"0","p01","KJG","0",nan,"H12"
